chosung,word
ㄱ,가가호호
ㄱ,가감
ㄱ,가감승제
ㄱ,가객
ㄱ,가건물
ㄱ,가게
ㄱ,가겟집
ㄱ,가격
ㄱ,가격대
ㄱ,가격표
ㄱ,가결
ㄱ,가계
ㄱ,가계부
ㄱ,가계비
ㄱ,가계약
ㄱ,가곡
ㄱ,가곡집
ㄱ,가공
ㄱ,가공법
ㄱ,가공성
ㄱ,가공식품
ㄱ,가공업
ㄱ,가공인물
ㄱ,가공적
ㄱ,가공품
ㄱ,가관
ㄱ,가교
ㄱ,가구
ㄱ,가구재
ㄱ,가구점
ㄱ,가극
ㄱ,가극단
ㄱ,가급적
ㄱ,가까이
ㄱ,가나
ㄱ,가나다순
ㄱ,가난
ㄱ,가난뱅이
ㄱ,가는귀
ㄱ,가늠
ㄱ,가능
ㄱ,가능성
ㄱ,가닥
ㄱ,가닥가닥
ㄱ,가담
ㄱ,가도
ㄱ,가독성
ㄱ,가동
ㄱ,가동률
ㄱ,가동성
ㄱ,가두
ㄱ,가드
ㄱ,가드레일
ㄱ,가라오케
ㄱ,가락
ㄱ,가락국수
ㄱ,가락엿
ㄱ,가락지
ㄱ,가랑비
ㄱ,가랑이
ㄱ,가랑잎
ㄱ,가래
ㄱ,가래떡
ㄱ,가래질
ㄱ,가래침
ㄱ,가량
ㄱ,가려움증
ㄱ,가로
ㄱ,가로대
ㄱ,가로등
ㄱ,가로무늬
ㄱ,가로세로
ㄱ,가로수
ㄱ,가로쓰기
ㄱ,가로줄
ㄱ,가로축
ㄱ,가로획
ㄱ,가루
ㄱ,가루비누
ㄱ,가루약
ㄱ,가르마
ㄱ,가르침
ㄱ,가름
ㄱ,가리개
ㄱ,가리비
ㄱ,가마
ㄱ,개가
ㄱ,개가식
ㄱ,개각
ㄱ,개간
ㄱ,개간지
ㄱ,개강
ㄱ,개개
ㄱ,개개인
ㄱ,개고기
ㄱ,개고생
ㄱ,개과천선
ㄱ,개관
ㄱ,개관식
ㄱ,개괄
ㄱ,개괄적
ㄱ,개교
ㄱ,개교기념일
ㄱ,개교식
ㄱ,개구리
ㄱ,개구리밥
ㄱ,개구리헤엄
ㄱ,개구멍
ㄱ,개구쟁이
ㄱ,개국
ㄱ,개그
ㄱ,개그맨
ㄱ,개그우먼
ㄱ,개근
ㄱ,개근상
ㄱ,개꼴
ㄱ,개꿈
ㄱ,개나리
ㄱ,개나리꽃
ㄱ,개나발
ㄱ,개념
ㄱ,개념적
ㄱ,개도국
ㄱ,개떡
ㄱ,개똥
ㄱ,개똥벌레
ㄱ,개띠
ㄱ,개략
ㄱ,개략적
ㄱ,개량
ㄱ,개량종
ㄱ,개량형
ㄱ,개량화
ㄱ,개런티
ㄱ,개론
ㄱ,개마고원
ㄱ,개막
ㄱ,개막식
ㄱ,개막전
ㄱ,개망신
ㄱ,개머리판
ㄱ,개명
ㄱ,개미
ㄱ,개미집
ㄱ,개미허리
ㄱ,개발
ㄱ,개발비
ㄱ,개발자
ㄱ,개밥
ㄱ,개방
ㄱ,개방성
ㄱ,개방적
ㄱ,개방형
ㄱ,개방화
ㄱ,개벽
ㄱ,개변
ㄱ,개별
ㄱ,개별적
ㄱ,개봉
ㄱ,개봉관
ㄱ,개봉작
ㄱ,개비
ㄱ,개뿔
ㄱ,개살구
ㄱ,개선
ㄱ,개선문
ㄱ,개선안
ㄱ,개선책
ㄱ,개설
ㄱ,개성
ㄱ,개성미
ㄱ,개성적
ㄱ,개소주
ㄱ,개수
ㄱ,개수대
ㄱ,개숫물
ㄱ,개시
ㄱ,개시일
ㄱ,거개
ㄱ,거구
ㄱ,거국
ㄱ,거국적
ㄱ,거금
ㄱ,거대
ㄱ,거덜
ㄱ,거동
ㄱ,거두절미
ㄱ,거드름
ㄱ,거들
ㄱ,거듭제곱
ㄱ,거래
ㄱ,거래량
ㄱ,거래소
ㄱ,거래액
ㄱ,거래처
ㄱ,거렁뱅이
ㄱ,거론
ㄱ,거룻배
ㄱ,거름
ㄱ,거름망
ㄱ,거름종이
ㄱ,거리
ㄱ,거리감
ㄱ,거리거리
ㄱ,거리낌
ㄱ,거만
ㄱ,거머리
ㄱ,거명
ㄱ,거목
ㄱ,거문고
ㄱ,거물
ㄱ,거물급
ㄱ,거미
ㄱ,거미줄
ㄱ,거봉
ㄱ,거부
ㄱ,거부감
ㄱ,거부권
ㄱ,거북
ㄱ,거북선
ㄱ,거북이
ㄱ,거사
ㄱ,거상
ㄱ,거성
ㄱ,거세
ㄱ,거센소리
ㄱ,거소
ㄱ,거수
ㄱ,거수경례
ㄱ,거스름돈
ㄱ,거시
ㄱ,거시적
ㄱ,거식증
ㄱ,거실
ㄱ,거액
ㄱ,거역
ㄱ,거울
ㄱ,거웃
ㄱ,거위
ㄱ,거의
ㄱ,거인
ㄱ,거장
ㄱ,거적
ㄱ,거적때기
ㄱ,거적문
ㄱ,거절
ㄱ,거점
ㄱ,거주
ㄱ,거주민
ㄱ,거주자
ㄱ,거주지
ㄱ,거죽
ㄱ,거중기
ㄱ,거즈
ㄱ,거지
ㄱ,거지꼴
ㄱ,거짓
ㄱ,거짓말
ㄱ,거짓말쟁이
ㄱ,거짓부렁
ㄱ,거처
ㄱ,거취
ㄱ,거치
ㄱ,거포
ㄱ,거푸집
ㄱ,거품
ㄱ,거품기
ㄱ,거행
ㄱ,게거품
ㄱ,게걸음
ㄱ,게딱지
ㄱ,게릴라
ㄱ,게릴라전
ㄱ,게맛살
ㄱ,게스트
ㄱ,게시
ㄱ,게시물
ㄱ,게시판
ㄱ,게양
ㄱ,게양대
ㄱ,게으름
ㄱ,게으름뱅이
ㄱ,게이머
ㄱ,게이지
ㄱ,게이트
ㄱ,게이트볼
ㄱ,게임
ㄱ,게임기
ㄱ,게임방
ㄱ,게장
ㄱ,게재
ㄱ,겨냥
ㄱ,겨드랑
ㄱ,겨드랑이
ㄱ,겨레
ㄱ,겨레말
ㄱ,겨루기
ㄱ,겨룸
ㄱ,겨우살이
ㄱ,겨울
ㄱ,겨울나기
ㄱ,겨울나무
ㄱ,겨울날
ㄱ,겨울눈
ㄱ,겨울맞이
ㄱ,겨울바람
ㄱ,겨울비
ㄱ,겨울새
ㄱ,겨울옷
ㄱ,겨울용
ㄱ,겨울잠
ㄱ,겨울철
ㄱ,겨자
ㄱ,계간
ㄱ,계간지
ㄱ,계곡
ㄱ,계교
ㄱ,계급
ㄱ,계급장
ㄱ,계기
ㄱ,계기판
ㄱ,계단
ㄱ,계단식
ㄱ,계도
ㄱ,계란
ㄱ,계란말이
ㄱ,계란빵
ㄱ,계란찜
ㄱ,계란형
ㄱ,계략
ㄱ,계량
ㄱ,계량기
ㄱ,계량스푼
ㄱ,계량적
ㄱ,계량컵
ㄱ,계류장
ㄱ,계명
ㄱ,계모
ㄱ,계몽
ㄱ,계몽적
ㄱ,계몽주의
ㄱ,계몽주의자
ㄱ,계발
ㄱ,계보
ㄱ,계부
ㄱ,계산
ㄱ,계산기
ㄱ,계산대
ㄱ,계산법
ㄱ,계산서
ㄱ,계산적
ㄱ,계산표
ㄱ,계속
ㄱ,계속성
ㄱ,계속적
ㄱ,계수
ㄱ,계수기
ㄱ,계수나무
ㄱ,계승
ㄱ,계승자
ㄱ,계시
ㄱ,계약
ㄱ,계약금
ㄱ,계약서
ㄱ,계약자
ㄱ,계약제
ㄱ,계약직
ㄱ,계엄
ㄱ,계엄군
ㄱ,계엄령
ㄱ,계열
ㄱ,계열사
ㄱ,계열화
ㄱ,계율
ㄱ,계이름
ㄱ,계장
ㄱ,계절
ㄱ,계절병
ㄱ,계절성
ㄱ,계절적
ㄱ,계절풍
ㄱ,계정
ㄱ,계제
ㄱ,계좌
ㄱ,계주
ㄱ,계집
ㄱ,계집아이
ㄱ,계집애
ㄱ,계집종
ㄱ,계책
ㄱ,계측
ㄱ,계층
ㄱ,계층적
ㄱ,계층화
ㄱ,계통
ㄱ,계통적
ㄱ,계파
ㄱ,계피
ㄱ,계핏가루
ㄱ,계획
ㄱ,계획도
ㄱ,계획서
ㄱ,계획성
ㄱ,계획안
ㄱ,계획자
ㄱ,계획적
ㄱ,계획표
ㄱ,고가
ㄱ,고가구
ㄱ,고가품
ㄱ,고갈
ㄱ,고감도
ㄱ,고강도
ㄱ,고개
ㄱ,고개턱
ㄱ,고객
ㄱ,고객층
ㄱ,고갯길
ㄱ,고갯마루
ㄱ,고갯짓
ㄱ,고갱이
ㄱ,고건물
ㄱ,고견
ㄱ,고고
ㄱ,고고학
ㄱ,고고학자
ㄱ,고고학적
ㄱ,고공
ㄱ,고관
ㄱ,고관대작
ㄱ,고교
ㄱ,고교생
ㄱ,고구려
ㄱ,고구마
ㄱ,고국
ㄱ,고군분투
ㄱ,고궁
ㄱ,고귀
ㄱ,고글
ㄱ,고금
ㄱ,고금리
ㄱ,고급
ㄱ,고급반
ㄱ,고급품
ㄱ,고급화
ㄱ,고기
ㄱ,고기능
ㄱ,고기만두
ㄱ,고기밥
ㄱ,고기압
ㄱ,고기잡이
ㄱ,고기잡이배
ㄱ,고깃국
ㄱ,고깃덩어리
ㄱ,고깃덩이
ㄱ,고깃배
ㄱ,고깃집
ㄱ,고깔
ㄱ,고난
ㄱ,고난도
ㄱ,고뇌
ㄱ,고니
ㄱ,고다음
ㄱ,고단백
ㄱ,고단백질
ㄱ,고단수
ㄱ,고담
ㄱ,고답적
ㄱ,고대
ㄱ,고대사
ㄱ,고대인
ㄱ,고도
ㄱ,고도화
ㄱ,고독
ㄱ,고독감
ㄱ,고동
ㄱ,고동색
ㄱ,고두밥
ㄱ,고둥
ㄱ,고드름
ㄱ,고들빼기
ㄱ,고등
ㄱ,고등어
ㄱ,고등어자반
ㄱ,고등학교
ㄱ,고등학생
ㄱ,고딕
ㄱ,고딕체
ㄱ,고라니
ㄱ,고락
ㄱ,고랑
ㄱ,고래
ㄱ,고래잡이
ㄱ,고랭지
ㄱ,고량주
ㄱ,고려
ㄱ,과감성
ㄱ,과객
ㄱ,과거
ㄱ,과거사
ㄱ,과거제
ㄱ,과거지사
ㄱ,과거형
ㄱ,과격
ㄱ,과격성
ㄱ,과격파
ㄱ,과녁
ㄱ,과녁판
ㄱ,과다
ㄱ,과단성
ㄱ,과당
ㄱ,과대
ㄱ,과대망상
ㄱ,과대망상증
ㄱ,과대평가
ㄱ,과도
ㄱ,과도기
ㄱ,과도기적
ㄱ,과도적
ㄱ,과량
ㄱ,과로
ㄱ,과로사
ㄱ,과료
ㄱ,과립
ㄱ,과립형
ㄱ,과목
ㄱ,과묵
ㄱ,과문
ㄱ,과민
ㄱ,과민성
ㄱ,과밀
ㄱ,과반
ㄱ,과반수
ㄱ,과보호
ㄱ,과부
ㄱ,과부족
ㄱ,과세
ㄱ,과소
ㄱ,과소비
ㄱ,과소평가
ㄱ,과속
ㄱ,과수
ㄱ,과수원
ㄱ,과시
ㄱ,과식
ㄱ,과신
ㄱ,과실
ㄱ,과실수
ㄱ,과실음료
ㄱ,과실주
ㄱ,과언
ㄱ,과업
ㄱ,과열
ㄱ,과오
ㄱ,과외
ㄱ,과욕
ㄱ,과용
ㄱ,과유불급
ㄱ,과육
ㄱ,과음
ㄱ,과일
ㄱ,과일나무
ㄱ,과일주
ㄱ,과일즙
ㄱ,과일칼
ㄱ,과잉
ㄱ,과잉보호
ㄱ,과자
ㄱ,과장
ㄱ,과장적
ㄱ,과적
ㄱ,과전압
ㄱ,과점
ㄱ,과정
ㄱ,과제
ㄱ,과제물
ㄱ,과즙
ㄱ,과징금
ㄱ,과찬
ㄱ,과채류
ㄱ,과체중
ㄱ,과태료
ㄱ,과테말라
ㄱ,과포화
ㄱ,과학
ㄱ,괘념
ㄱ,괘도
ㄱ,괘씸죄
ㄱ,괘종
ㄱ,괘종시계
ㄱ,괴기
ㄱ,괴나리봇짐
ㄱ,괴담
ㄱ,괴력
ㄱ,괴로움
ㄱ,괴롬
ㄱ,괴뢰군
ㄱ,괴리
ㄱ,괴멸
ㄱ,괴물
ㄱ,괴발개발
ㄱ,괴벽
ㄱ,괴변
ㄱ,괴석
ㄱ,괴성
ㄱ,괴소문
ㄱ,괴수
ㄱ,괴질
ㄱ,괴짜
ㄱ,괴한
ㄱ,괴혈병
ㄱ,교가
ㄱ,교각
ㄱ,교감
ㄱ,교과
ㄱ,교과목
ㄱ,교과서
ㄱ,교관
ㄱ,교구
ㄱ,교권
ㄱ,교내
ㄱ,교단
ㄱ,교대
ㄱ,교도
ㄱ,교도관
ㄱ,교도소
ㄱ,교두보
ㄱ,교란
ㄱ,교량
ㄱ,교련
ㄱ,교류
ㄱ,교리
ㄱ,교만
ㄱ,교목
ㄱ,교무실
ㄱ,교무처
ㄱ,교문
ㄱ,교미
ㄱ,교민
ㄱ,교배
ㄱ,교범
ㄱ,교복
ㄱ,교본
ㄱ,교부
ㄱ,교부금
ㄱ,교분
ㄱ,교사
ㄱ,교살
ㄱ,교생
ㄱ,교서
ㄱ,교섭
ㄱ,교성
ㄱ,교세
ㄱ,교수
ㄱ,교수대
ㄱ,교수법
ㄱ,교수요목
ㄱ,교수진
ㄱ,교수형
ㄱ,교습
ㄱ,교습소
ㄱ,교시
ㄱ,교신
ㄱ,교실
ㄱ,교안
ㄱ,교양
ㄱ,교양미
ㄱ,교양서
ㄱ,교양인
ㄱ,교언
ㄱ,교역
ㄱ,교역자
ㄱ,교열
ㄱ,교외
ㄱ,교우
ㄱ,교원
ㄱ,교유
ㄱ,교육
ㄱ,교육가
ㄱ,교육감
ㄱ,교육계
ㄱ,교육법
ㄱ,교육부
ㄱ,교육비
ㄱ,교육생
ㄱ,교육열
ㄱ,교육용
ㄱ,교육원
ㄱ,교육자
ㄱ,교육장
ㄱ,교육적
ㄱ,교육청
ㄱ,교육학
ㄱ,교인
ㄱ,교자상
ㄱ,교장
ㄱ,교장실
ㄱ,교재
ㄱ,교전
ㄱ,교접
ㄱ,교정
ㄱ,구간
ㄱ,구강
ㄱ,구개음화
ㄱ,구걸
ㄱ,구경
ㄱ,구경거리
ㄱ,구경꾼
ㄱ,구공탄
ㄱ,구관
ㄱ,구관조
ㄱ,구교
ㄱ,구구단
ㄱ,구구절절
ㄱ,구국
ㄱ,구근
ㄱ,구금
ㄱ,구금자
ㄱ,구급
ㄱ,구급낭
ㄱ,구급대
ㄱ,구급상자
ㄱ,구급약
ㄱ,구급약품
ㄱ,구급차
ㄱ,구기
ㄱ,구기자
ㄱ,구김
ㄱ,구김살
ㄱ,구김새
ㄱ,구내
ㄱ,구내매점
ㄱ,구내방송
ㄱ,구내식당
ㄱ,구내전화
ㄱ,구닥다리
ㄱ,구단
ㄱ,구단주
ㄱ,구더기
ㄱ,구덩이
ㄱ,구도
ㄱ,구도심
ㄱ,구도자
ㄱ,구독
ㄱ,구독료
ㄱ,구독자
ㄱ,구동
ㄱ,구두
ㄱ,구두끈
ㄱ,구두닦이
ㄱ,구두쇠
ㄱ,구두약
ㄱ,구두점
ㄱ,구두창
ㄱ,구두코
ㄱ,구둣발
ㄱ,구둣방
ㄱ,구둣솔
ㄱ,구둣주걱
ㄱ,구들
ㄱ,구들목
ㄱ,구들장
ㄱ,구렁
ㄱ,구렁이
ㄱ,구렁텅이
ㄱ,구레나룻
ㄱ,구령
ㄱ,구류
ㄱ,구류형
ㄱ,구름
ㄱ,구름다리
ㄱ,구름층
ㄱ,구름판
ㄱ,구릉지
ㄱ,구리
ㄱ,구린내
ㄱ,구릿빛
ㄱ,구만리
ㄱ,구매
ㄱ,구매력
ㄱ,구매자
ㄱ,구멍
ㄱ,구멍가게
ㄱ,구면
ㄱ,구명
ㄱ,구명대
ㄱ,구명보트
ㄱ,구명정
ㄱ,구명조끼
ㄱ,구문
ㄱ,구미
ㄱ,궤도
ㄱ,궤멸
ㄱ,궤변
ㄱ,궤양
ㄱ,궤적
ㄱ,궤짝
ㄱ,귀가
ㄱ,귀감
ㄱ,귀갓길
ㄱ,귀걸이
ㄱ,귀결
ㄱ,귀경
ㄱ,귀고리
ㄱ,귀곡성
ㄱ,귀공자
ㄱ,귀국
ㄱ,귀금속
ㄱ,귀납
ㄱ,귀납법
ㄱ,귀납적
ㄱ,귀농
ㄱ,귀대
ㄱ,귀동냥
ㄱ,귀때기
ㄱ,귀뚜라미
ㄱ,귀뜸
ㄱ,귀띔
ㄱ,귀로
ㄱ,귀리
ㄱ,귀마개
ㄱ,귀머거리
ㄱ,귀밑
ㄱ,귀밑머리
ㄱ,귀밝이술
ㄱ,귀부인
ㄱ,귀빈
ㄱ,귀빈실
ㄱ,귀성
ㄱ,귀성객
ㄱ,귀속
ㄱ,귀순
ㄱ,귀순자
ㄱ,귀신
ㄱ,귀싸대기
ㄱ,귀앓이
ㄱ,귀양
ㄱ,귀양살이
ㄱ,귀양지
ㄱ,귀엣말
ㄱ,귀염
ㄱ,귀염둥이
ㄱ,귀염성
ㄱ,귀울림
ㄱ,귀이개
ㄱ,귀인
ㄱ,귀재
ㄱ,귀족
ㄱ,귀중
ㄱ,귀중품
ㄱ,귀지
ㄱ,귀착
ㄱ,귀책
ㄱ,귀천
ㄱ,귀청
ㄱ,귀촌
ㄱ,귀추
ㄱ,귀퉁이
ㄱ,귀티
ㄱ,귀하
ㄱ,귀항
ㄱ,귀향
ㄱ,귀향객
ㄱ,귀향길
ㄱ,귀화
ㄱ,귀환
ㄱ,규격
ㄱ,규격품
ㄱ,규격화
ㄱ,규명
ㄱ,규모
ㄱ,규범
ㄱ,규범성
ㄱ,규범적
ㄱ,규범화
ㄱ,규수
ㄱ,규약
ㄱ,규율
ㄱ,규장각
ㄱ,규정
ㄱ,규제
ㄱ,규제책
ㄱ,규칙
ㄱ,규칙성
ㄱ,규칙적
ㄱ,규탄
ㄱ,규합
ㄱ,그간
ㄱ,그글피
ㄱ,그끄저께
ㄱ,그끄제
ㄱ,그날
ㄱ,그날그날
ㄱ,그네
ㄱ,그네뛰기
ㄱ,그늘
ㄱ,그다음
ㄱ,그담
ㄱ,그대로
ㄱ,그동안
ㄱ,그때
ㄱ,그라운드
ㄱ,그랑프리
ㄱ,그래프
ㄱ,그래픽
ㄱ,그루
ㄱ,그루터기
ㄱ,그룹
ㄱ,그릇
ㄱ,그리기
ㄱ,그리스
ㄱ,그리스도
ㄱ,그리스도교
ㄱ,그리스도인
ㄱ,그리움
ㄱ,그린벨트
ㄱ,그릴
ㄱ,그림
ㄱ,그림물감
ㄱ,그림엽서
ㄱ,그림일기
ㄱ,그림자
ㄱ,그림책
ㄱ,그만치
ㄱ,그만큼
ㄱ,그맘때
ㄱ,그물
ㄱ,그물망
ㄱ,그물주머니
ㄱ,그물코
ㄱ,그믐
ㄱ,그믐께
ㄱ,그믐날
ㄱ,그믐달
ㄱ,그사이
ㄱ,그새
ㄱ,그을음
ㄱ,그저께
ㄱ,그전
ㄱ,그제
ㄱ,그중
ㄱ,그즈음
ㄱ,그쯤
ㄱ,그해
ㄱ,기각
ㄱ,기간
ㄱ,기간산업
ㄱ,기간제
ㄱ,기갈
ㄱ,기강
ㄱ,기개
ㄱ,기거
ㄱ,기겁
ㄱ,기계
ㄱ,기계식
ㄱ,기계적
ㄱ,기계화
ㄱ,기고
ㄱ,기고가
ㄱ,기고만장
ㄱ,기골
ㄱ,기공
ㄱ,기공식
ㄱ,기관
ㄱ,기관별
ㄱ,기관실
ㄱ,기관원
ㄱ,기관장
ㄱ,기관지
ㄱ,기관지염
ㄱ,기관차
ㄱ,기관총
ㄱ,기교
ㄱ,기교적
ㄱ,기구
ㄱ,기권
ㄱ,기근
ㄱ,기금
ㄱ,기기
ㄱ,기내
ㄱ,기내식
ㄱ,기네스북
ㄱ,기녀
ㄱ,기념
ㄱ,기념관
ㄱ,기념물
ㄱ,기념비
ㄱ,기념사
ㄱ,기념사진
ㄱ,기념식
ㄱ,기념일
ㄱ,기념주화
ㄱ,기념탑
ㄱ,기념품
ㄱ,기념행사
ㄱ,기념호
ㄱ,기념회
ㄱ,기능
ㄱ,기능공
ㄱ,기능성
ㄱ,기능적
ㄱ,기능직
ㄱ,기대
ㄱ,기대감
ㄱ,기대주
ㄱ,기대치
ㄱ,기도
ㄱ,기도문
ㄱ,기도원
ㄱ,기독교
ㄱ,기독교인
ㄱ,기동
ㄱ,기동대
ㄱ,기동력
ㄱ,기동성
ㄱ,기둥
ㄱ,기둥뿌리
ㄱ,기둥서방
ㄱ,기득권
ㄱ,기라성
ㄱ,기량
ㄱ,기러기
ㄱ,기력
ㄱ,기로
ㄱ,기록
ㄱ,기록문
ㄱ,기록물
ㄱ,기록부
ㄱ,기록적
ㄱ,기뢰
ㄱ,기류
ㄱ,기름
ㄴ,나귀
ㄴ,나그네
ㄴ,나그넷길
ㄴ,나날
ㄴ,나노
ㄴ,나누기
ㄴ,나눔
ㄴ,나눗셈
ㄴ,나들목
ㄴ,나들이
ㄴ,나들이옷
ㄴ,나라
ㄴ,나라꽃
ㄴ,나라님
ㄴ,나라말
ㄴ,나락
ㄴ,나랏일
ㄴ,나레이터
ㄴ,나루
ㄴ,나루터
ㄴ,나룻배
ㄴ,나리
ㄴ,나막신
ㄴ,나머지
ㄴ,나목
ㄴ,나무
ㄴ,나무껍질
ㄴ,나무꾼
ㄴ,나무람
ㄴ,나무배
ㄴ,나무뿌리
ㄴ,나무숲
ㄴ,나무아미타불
ㄴ,나무저
ㄴ,나무젓가락
ㄴ,나무줄기
ㄴ,나무총
ㄴ,나무토막
ㄴ,나무통
ㄴ,나무틀
ㄴ,나무판
ㄴ,나물
ㄴ,나물국
ㄴ,나물죽
ㄴ,나뭇가지
ㄴ,나뭇결
ㄴ,나뭇더미
ㄴ,나뭇등걸
ㄴ,나뭇잎
ㄴ,나뭇조각
ㄴ,나박김치
ㄴ,나발
ㄴ,나방
ㄴ,나병
ㄴ,나부랭이
ㄴ,나비
ㄴ,나비넥타이
ㄴ,나사
ㄴ,나사못
ㄴ,나선
ㄴ,나선형
ㄴ,나신
ㄴ,나열
ㄴ,나으리
ㄴ,나이
ㄴ,나이대접
ㄴ,나이지리아
ㄴ,나이층
ㄴ,나이테
ㄴ,나이트
ㄴ,나이트가운
ㄴ,나이트클럽
ㄴ,나이프
ㄴ,나인
ㄴ,나일론
ㄴ,나잇값
ㄴ,나잇살
ㄴ,나졸
ㄴ,나중
ㄴ,나체
ㄴ,나침반
ㄴ,나태
ㄴ,나태심
ㄴ,나트륨
ㄴ,나팔
ㄴ,나팔꽃
ㄴ,나팔바지
ㄴ,나팔수
ㄴ,나포
ㄴ,나프탈렌
ㄴ,나환자
ㄴ,나흘
ㄴ,내각
ㄴ,내과
ㄴ,내과의
ㄴ,내관
ㄴ,내구성
ㄴ,내국
ㄴ,내국인
ㄴ,내규
ㄴ,내근
ㄴ,내기
ㄴ,내년
ㄴ,내년도
ㄴ,내달
ㄴ,내란
ㄴ,내란죄
ㄴ,내레이션
ㄴ,내레이터
ㄴ,내력
ㄴ,내륙
ㄴ,내리막
ㄴ,내리막길
ㄴ,내리사랑
ㄴ,내림세
ㄴ,내림차순
ㄴ,내막
ㄴ,내면
ㄴ,내면세계
ㄴ,내면적
ㄴ,내면화
ㄴ,내무반
ㄴ,내방
ㄴ,내방자
ㄴ,내벽
ㄴ,내복
ㄴ,내복약
ㄴ,내부
ㄴ,내부적
ㄴ,내분
ㄴ,내분비샘
ㄴ,내비
ㄴ,내비게이션
ㄴ,내빈
ㄴ,내빈석
ㄴ,내사
ㄴ,내상
ㄴ,내색
ㄴ,내선
ㄴ,내성
ㄴ,내성적
ㄴ,내세
ㄴ,내세관
ㄴ,내수
ㄴ,내숭
ㄴ,내습
ㄴ,내시
ㄴ,내시경
ㄴ,내신
ㄴ,내실
ㄴ,내실화
ㄴ,내심
ㄴ,내야
ㄴ,내야수
ㄴ,내역
ㄴ,내역서
ㄴ,내연
ㄴ,내열
ㄴ,내열성
ㄴ,내왕
ㄴ,내외
ㄴ,내외간
ㄴ,내외분
ㄴ,내외지간
ㄴ,내용
ㄴ,내용물
ㄴ,내용적
ㄴ,내우외환
ㄴ,내원
ㄴ,내의
ㄴ,내일
ㄴ,내일모레
ㄴ,내장
ㄴ,내장객
ㄴ,내장재
ㄴ,내재
ㄴ,내재적
ㄴ,내적
ㄴ,내전
ㄴ,내정
ㄴ,내조
ㄴ,너구리
ㄴ,너머
ㄴ,너비
ㄴ,너비아니
ㄴ,너스레
ㄴ,너와
ㄴ,너와집
ㄴ,너울
ㄴ,너털웃음
ㄴ,너트
ㄴ,네거리
ㄴ,네덜란드
ㄴ,네덜란드어
ㄴ,네모
ㄴ,네발
ㄴ,네발짐승
ㄴ,네온
ㄴ,네온사인
ㄴ,네일
ㄴ,네트
ㄴ,네트워크
ㄴ,네티즌
ㄴ,네팔
ㄴ,노가다
ㄴ,노가리
ㄴ,노고
ㄴ,노골적
ㄴ,노구
ㄴ,노기
ㄴ,노끈
ㄴ,노년
ㄴ,노년기
ㄴ,노년층
ㄴ,노다지
ㄴ,노도
ㄴ,노동
ㄴ,노동권
ㄴ,노동량
ㄴ,노동력
ㄴ,노동부
ㄴ,노동요
ㄴ,노동일
ㄴ,노동자
ㄴ,노동조합
ㄴ,노동조합원
ㄴ,노란불
ㄴ,노란색
ㄴ,노랑
ㄴ,노랑이
ㄴ,노래
ㄴ,노래방
ㄴ,노래자랑
ㄴ,노래집
ㄴ,노랫가락
ㄴ,노랫말
ㄴ,노랫소리
ㄴ,노략질
ㄴ,노력
ㄴ,노련미
ㄴ,노령
ㄴ,노령층
ㄴ,노령화
ㄴ,노루
ㄴ,노루잠
ㄴ,노르웨이
ㄴ,노르웨이어
ㄴ,노른자
ㄴ,노른자위
ㄴ,노름
ㄴ,노름꾼
ㄴ,노름빚
ㄴ,노름판
ㄴ,노릇
ㄴ,노리개
ㄴ,노리갯감
ㄴ,노린내
ㄴ,노림수
ㄴ,노마님
ㄴ,노망
ㄴ,노망기
ㄴ,노면
ㄴ,노모
ㄴ,노무자
ㄴ,노발대발
ㄴ,노벨상
ㄴ,노변
ㄴ,노병
ㄴ,노부모
ㄴ,노부부
ㄴ,노부인
ㄴ,노비
ㄴ,노사
ㄴ,노산
ㄴ,노상
ㄴ,노상강도
ㄴ,노새
ㄴ,노선
ㄴ,노선도
ㄴ,노소
ㄴ,노송
ㄴ,노쇠
ㄴ,노쇠기
ㄴ,노숙
ㄴ,노숙인
ㄴ,노숙자
ㄴ,노스탤지어
ㄴ,노승
ㄴ,노신사
ㄴ,노심초사
ㄴ,노안
ㄴ,노약자
ㄴ,노약자석
ㄴ,노여움
ㄴ,노역
ㄴ,노염
ㄴ,노예
ㄴ,노옹
ㄴ,노을
ㄴ,노이로제
ㄴ,노익장
ㄴ,노인
ㄴ,뇌관
ㄴ,뇌리
ㄴ,뇌물
ㄴ,뇌사
ㄴ,뇌사자
ㄴ,뇌성
ㄴ,뇌세포
ㄴ,뇌쇄
ㄴ,뇌신경외과
ㄴ,뇌염
ㄴ,뇌졸중
ㄴ,뇌종양
ㄴ,뇌진탕
ㄴ,뇌출혈
ㄴ,뇌파
ㄴ,누각
ㄴ,누계
ㄴ,누나
ㄴ,누님
ㄴ,누더기
ㄴ,누드
ㄴ,누락
ㄴ,누런색
ㄴ,누렁소
ㄴ,누렁이
ㄴ,누룩
ㄴ,누룽지
ㄴ,누름적
ㄴ,누리꾼
ㄴ,누린내
ㄴ,누명
ㄴ,누비
ㄴ,누비옷
ㄴ,누비이불
ㄴ,누설
ㄴ,누수
ㄴ,누에
ㄴ,누에고치
ㄴ,누에치기
ㄴ,누이
ㄴ,누이동생
ㄴ,누적
ㄴ,누전
ㄴ,누진
ㄴ,누진세
ㄴ,누차
ㄴ,누출
ㄴ,뉘앙스
ㄴ,뉘우침
ㄴ,뉴스
ㄴ,뉴욕
ㄴ,뉴질랜드
ㄴ,느낌
ㄴ,느낌표
ㄴ,느림뱅이
ㄴ,느림보
ㄴ,느타리버섯
ㄴ,느티나무
ㄴ,니은
ㄴ,니켈
ㄴ,니코틴
ㄴ,니트
ㄷ,다각도
ㄷ,다각적
ㄷ,다각형
ㄷ,다각화
ㄷ,다갈색
ㄷ,다과
ㄷ,다국어
ㄷ,다국적
ㄷ,다극화
ㄷ,다기
ㄷ,다년간
ㄷ,다년생
ㄷ,다다미방
ㄷ,다다익선
ㄷ,다단
ㄷ,다단계
ㄷ,다도
ㄷ,다도해
ㄷ,다독
ㄷ,다듬이
ㄷ,다듬이질
ㄷ,다듬질
ㄷ,다락
ㄷ,다락방
ㄷ,다람쥐
ㄷ,다래
ㄷ,다래끼
ㄷ,다량
ㄷ,다리
ㄷ,다리미
ㄷ,다리미질
ㄷ,다리미판
ㄷ,다리뼈
ㄷ,다리품
ㄷ,다림질
ㄷ,다마네기
ㄷ,다매체
ㄷ,다면
ㄷ,다면적
ㄷ,다면체
ㄷ,다목적
ㄷ,다문화
ㄷ,다민족
ㄷ,다반사
ㄷ,다발
ㄷ,다발성
ㄷ,다방
ㄷ,다방면
ㄷ,다변화
ㄷ,다보탑
ㄷ,다산
ㄷ,다산형
ㄷ,다섯째
ㄷ,다세대
ㄷ,다세포
ㄷ,다소
ㄷ,다소간
ㄷ,다수
ㄷ,다수결
ㄷ,다수당
ㄷ,다수파
ㄷ,다슬기
ㄷ,다승
ㄷ,다시
ㄷ,다시마
ㄷ,다신교
ㄷ,다실
ㄷ,다양성
ㄷ,다양화
ㄷ,다용도
ㄷ,다용도실
ㄷ,다운
ㄷ,다운로드
ㄷ,다원론
ㄷ,다원론적
ㄷ,다원주의
ㄷ,다원화
ㄷ,다음
ㄷ,다음날
ㄷ,다음번
ㄷ,다의성
ㄷ,다의어
ㄷ,다이너마이트
ㄷ,다이빙
ㄷ,다이빙대
ㄷ,다이아
ㄷ,다이아몬드
ㄷ,다이어리
ㄷ,다이어트
ㄷ,다이얼
ㄷ,다자녀
ㄷ,다작
ㄷ,다정
ㄷ,다중
ㄷ,다지기
ㄷ,다짐
ㄷ,대가
ㄷ,대가리
ㄷ,대가족
ㄷ,대각선
ㄷ,대갈장군
ㄷ,대갈통
ㄷ,대감
ㄷ,대갓집
ㄷ,대강
ㄷ,대강당
ㄷ,대강대강
ㄷ,대개
ㄷ,대거
ㄷ,대걸레
ㄷ,대검
ㄷ,대검찰청
ㄷ,대게
ㄷ,대결
ㄷ,대결산
ㄷ,대결상
ㄷ,대결장
ㄷ,대경실색
ㄷ,대계
ㄷ,대공
ㄷ,대공사
ㄷ,대공원
ㄷ,대공황
ㄷ,대과업
ㄷ,대관
ㄷ,대관령
ㄷ,대관료
ㄷ,대관식
ㄷ,대괄호
ㄷ,대교
ㄷ,대구
ㄷ,대국화
ㄷ,대군
ㄷ,대권
ㄷ,대궐
ㄷ,대규모
ㄷ,대극장
ㄷ,대금
ㄷ,대기
ㄷ,대기권
ㄷ,대기록
ㄷ,대기만성
ㄷ,대기실
ㄷ,대기업
ㄷ,대기자
ㄷ,대기층
ㄷ,대기표
ㄷ,대꾸
ㄷ,대나무
ㄷ,대남
ㄷ,대납
ㄷ,대낮
ㄷ,대내
ㄷ,대내외
ㄷ,대내외적
ㄷ,대뇌
ㄷ,대님
ㄷ,대다수
ㄷ,대단원
ㄷ,대단지
ㄷ,대담
ㄷ,대담성
ㄷ,대답
ㄷ,대대
ㄷ,대대손손
ㄷ,대대장
ㄷ,대대적
ㄷ,대도
ㄷ,대도시
ㄷ,대동강
ㄷ,대동단결
ㄷ,대동여지도
ㄷ,대두
ㄷ,대들보
ㄷ,대등
ㄷ,대란
ㄷ,대략
ㄷ,대략적
ㄷ,대량
ㄷ,더덕
ㄷ,더듬이
ㄷ,더러움
ㄷ,더미
ㄷ,더벅머리
ㄷ,더부살이
ㄷ,더블
ㄷ,더빙
ㄷ,더운물
ㄷ,더위
ㄷ,더치페이
ㄷ,더하기
ㄷ,데릴사위
ㄷ,데모
ㄷ,데모대
ㄷ,데뷔
ㄷ,데뷔작
ㄷ,데뷔전
ㄷ,데생
ㄷ,데스크
ㄷ,데스크톱
ㄷ,데이터
ㄷ,데이터베이스
ㄷ,데이트
ㄷ,도가니
ㄷ,도감
ㄷ,도강
ㄷ,도공
ㄷ,도교
ㄷ,도구
ㄷ,도구함
ㄷ,도굴
ㄷ,도굴꾼
ㄷ,도그마
ㄷ,도금
ㄷ,도급
ㄷ,도깨비
ㄷ,도깨비방망이
ㄷ,도깨비불
ㄷ,도깨비시장
ㄷ,도끼
ㄷ,도끼날
ㄷ,도끼눈
ㄷ,도끼질
ㄷ,도난
ㄷ,도내
ㄷ,도넛
ㄷ,도농
ㄷ,도달
ㄷ,도달점
ㄷ,도덕
ㄷ,도덕관
ㄷ,도덕군자
ㄷ,도덕규범
ㄷ,도덕성
ㄷ,도덕적
ㄷ,도돌이표
ㄷ,도둑
ㄷ,도둑고양이
ㄷ,도둑놈
ㄷ,도둑질
ㄷ,도떼기시장
ㄷ,도라지
ㄷ,도라지나물
ㄷ,도랑
ㄷ,도랑물
ㄷ,도래
ㄷ,도래지
ㄷ,도량
ㄷ,도량형
ㄷ,도련님
ㄷ,도령
ㄷ,도로
ㄷ,도로망
ㄷ,도로명
ㄷ,도로변
ㄷ,도록
ㄷ,도롱뇽
ㄷ,도료
ㄷ,도루
ㄷ,도루묵
ㄷ,도륙
ㄷ,도르래
ㄷ,도리
ㄷ,도리깨
ㄷ,도리도리
ㄷ,도리질
ㄷ,도립
ㄷ,도마
ㄷ,도마뱀
ㄷ,도마질
ㄷ,도막
ㄷ,도망
ㄷ,도망자
ㄷ,도매
ㄷ,도매가
ㄷ,도매상
ㄷ,도매업
ㄷ,도메인
ㄷ,도면
ㄷ,도모
ㄷ,도미
ㄷ,도미노
ㄷ,도민
ㄷ,도박
ㄷ,도박꾼
ㄷ,도박사
ㄷ,도박장
ㄷ,도박판
ㄷ,도발
ㄷ,도발적
ㄷ,도배
ㄷ,도배장이
ㄷ,도배지
ㄷ,도벽
ㄷ,도보
ㄷ,돼지
ㄷ,돼지갈비
ㄷ,돼지고기
ㄷ,돼지기름
ㄷ,돼지꿈
ㄷ,돼지띠
ㄷ,돼지머리
ㄷ,돼지비계
ㄷ,돼지우리
ㄷ,돼지죽
ㄷ,되감기
ㄷ,되새김질
ㄷ,되치기
ㄷ,되풀이
ㄷ,두각
ㄷ,두개골
ㄷ,두건
ㄷ,두견새
ㄷ,두꺼비
ㄷ,두꺼비집
ㄷ,두께
ㄷ,두뇌
ㄷ,두더지
ㄷ,두둑
ㄷ,두둔
ㄷ,두드러기
ㄷ,두렁
ㄷ,두레
ㄷ,두레박
ㄷ,두려움
ㄷ,두령
ㄷ,두루낮춤
ㄷ,두루높임
ㄷ,두루마기
ㄷ,두루마리
ㄷ,두루미
ㄷ,두름
ㄷ,두만강
ㄷ,두말
ㄷ,두메
ㄷ,두메산골
ㄷ,두목
ㄷ,두문불출
ㄷ,두발
ㄷ,두발자전거
ㄷ,두부
ㄷ,두상
ㄷ,두서
ㄷ,두엄
ㄷ,두유
ㄷ,두절
ㄷ,두째
ㄷ,두통
ㄷ,두통거리
ㄷ,두통약
ㄷ,두피
ㄷ,두해살이
ㄷ,뒤꼍
ㄷ,뒤꽁무니
ㄷ,뒤꿈치
ㄷ,뒤끝
ㄷ,뒤뜰
ㄷ,뒤범벅
ㄷ,뒤안
ㄷ,뒤안길
ㄷ,뒤웅박
ㄷ,뒤주
ㄷ,뒤죽박죽
ㄷ,뒤집개
ㄷ,뒤쪽
ㄷ,뒤처리
ㄷ,뒤축
ㄷ,뒤치다꺼리
ㄷ,뒤탈
ㄷ,뒤통수
ㄷ,뒤트임
ㄷ,뒤틀림
ㄷ,뒤판
ㄷ,뒤편
ㄷ,뒤표지
ㄷ,뒤풀이
ㄷ,듀엣
ㄷ,드난살이
ㄷ,드라마
ㄷ,드라이
ㄷ,드라이기
ㄷ,드라이버
ㄷ,드라이브
ㄷ,드라이어
ㄷ,드라이클리닝
ㄷ,드라큘라
ㄷ,드럼
ㄷ,드럼통
ㄷ,드레스
ㄷ,드레싱
ㄷ,드론
ㄷ,드릴
ㄷ,드링크
ㄷ,드잡이
ㄷ,디귿
ㄷ,디딜방아
ㄷ,디딤돌
ㄷ,디브이디
ㄷ,디스켓
ㄷ,디스코
ㄷ,디스크
ㄷ,디스플레이
ㄷ,디엔에이
ㄷ,디자이너
ㄷ,디자인
ㄷ,디저트
ㄷ,디제이
ㄷ,디지탈
ㄷ,디지털
ㄷ,디지털카메라
ㄹ,라디에이터
ㄹ,라디오
ㄹ,라떼
ㄹ,라면
ㄹ,라벤더
ㄹ,라벨
ㄹ,라식
ㄹ,라오스
ㄹ,라운드
ㄹ,라운지
ㄹ,라이벌
ㄹ,라이브
ㄹ,라이선스
ㄹ,라이터
ㄹ,라이트
ㄹ,라이트급
ㄹ,라인
ㄹ,라일락
ㄹ,라조기
ㄹ,라켓
ㄹ,라테
ㄹ,래프팅
ㄹ,러닝셔츠
ㄹ,러브호텔
ㄹ,러시아
ㄹ,러시아어
ㄹ,러시아워
ㄹ,레깅스
ㄹ,레드카드
ㄹ,레모네이드
ㄹ,레몬
ㄹ,레미콘
ㄹ,레바논
ㄹ,레벨
ㄹ,레스토랑
ㄹ,레슨
ㄹ,레슬링
ㄹ,레이다
ㄹ,레이더
ㄹ,레이스
ㄹ,레이저
ㄹ,레인
ㄹ,레인지
ㄹ,레일
ㄹ,레임덕
ㄹ,레저
ㄹ,레지던트
ㄹ,레지스탕스
ㄹ,레코드
ㄹ,레코드판
ㄹ,레크리에이션
ㄹ,레퍼토리
ㄹ,레포츠
ㄹ,로고
ㄹ,로그아웃
ㄹ,로그인
ㄹ,로마
ㄹ,로마자
ㄹ,로망
ㄹ,로맨스
ㄹ,로밍
ㄹ,로보트
ㄹ,로봇
ㄹ,로브스터
ㄹ,로비
ㄹ,로션
ㄹ,로열티
ㄹ,로켓
ㄹ,로터리
ㄹ,로펌
ㄹ,로프
ㄹ,루마니아
ㄹ,루마니아어
ㄹ,루머
ㄹ,루비
ㄹ,루주
ㄹ,루트
ㄹ,류머티즘
ㄹ,르네상스
ㄹ,르완다
ㄹ,르포
ㄹ,리그
ㄹ,리그전
ㄹ,리뉴얼
ㄹ,리더
ㄹ,리더십
ㄹ,리드
ㄹ,리듬
ㄹ,리듬감
ㄹ,리메이크
ㄹ,리모델링
ㄹ,리모컨
ㄹ,리무진
ㄹ,리바운드
ㄹ,리바이벌
ㄹ,리본
ㄹ,리뷰
ㄹ,리비아
ㄹ,리사이틀
ㄹ,리서치
ㄹ,리셉션
ㄹ,리스
ㄹ,리스크
ㄹ,리스트
ㄹ,리시브
ㄹ,리어카
ㄹ,리얼리즘
ㄹ,리얼리티
ㄹ,리을
ㄹ,리조트
ㄹ,리코더
ㄹ,리콜
ㄹ,리콜제
ㄹ,리포터
ㄹ,리포트
ㄹ,리프트
ㄹ,리필
ㄹ,리허설
ㅁ,마가린
ㅁ,마감
ㅁ,마감일
ㅁ,마개
ㅁ,마고자
ㅁ,마구간
ㅁ,마구잡이
ㅁ,마귀
ㅁ,마그네슘
ㅁ,마그마
ㅁ,마나님
ㅁ,마네킹
ㅁ,마녀
ㅁ,마녀사냥
ㅁ,마누라
ㅁ,마늘
ㅁ,마니아
ㅁ,마님
ㅁ,마담
ㅁ,마담뚜
ㅁ,마당
ㅁ,마당극
ㅁ,마당놀이
ㅁ,마당발
ㅁ,마당쇠
ㅁ,마대
ㅁ,마도로스
ㅁ,마디
ㅁ,마디마디
ㅁ,마라톤
ㅁ,마력
ㅁ,마련
ㅁ,마루
ㅁ,마룻바닥
ㅁ,마룻장
ㅁ,마른반찬
ㅁ,마른번개
ㅁ,마른안주
ㅁ,마른침
ㅁ,마른하늘
ㅁ,마름
ㅁ,마름모
ㅁ,마름질
ㅁ,마릿수
ㅁ,마마
ㅁ,마멸
ㅁ,마모
ㅁ,마무리
ㅁ,마법
ㅁ,마법사
ㅁ,마부
ㅁ,마분지
ㅁ,마비
ㅁ,마사지
ㅁ,마소
ㅁ,마수
ㅁ,마수걸이
ㅁ,마술
ㅁ,마술사
ㅁ,마스카라
ㅁ,마스코트
ㅁ,마스크
ㅁ,마스터
ㅁ,마시멜로
ㅁ,마약
ㅁ,마약상
ㅁ,마왕
ㅁ,마요네즈
ㅁ,마우스
ㅁ,마운드
ㅁ,마을
ㅁ,마을문고
ㅁ,마을버스
ㅁ,마음
ㅁ,마음가짐
ㅁ,마음고생
ㅁ,마음보
ㅁ,마음속
ㅁ,마음씨
ㅁ,마이너스
ㅁ,마이동풍
ㅁ,마이신
ㅁ,마이크
ㅁ,마이크로
ㅁ,마인드맵
ㅁ,마일리지
ㅁ,마작
ㅁ,마적
ㅁ,마중
ㅁ,마중물
ㅁ,마지막
ㅁ,마진
ㅁ,마차
ㅁ,마찬가지
ㅁ,마찰
ㅁ,마찰력
ㅁ,매각
ㅁ,매개
ㅁ,매개물
ㅁ,매개자
ㅁ,매개체
ㅁ,매관매직
ㅁ,매국
ㅁ,매국노
ㅁ,매기
ㅁ,매끼
ㅁ,매너
ㅁ,매너리즘
ㅁ,매년
ㅁ,매뉴얼
ㅁ,매니저
ㅁ,매니큐어
ㅁ,매달
ㅁ,매도
ㅁ,매도인
ㅁ,매듭
ㅁ,매력
ㅁ,매력적
ㅁ,매립
ㅁ,매립장
ㅁ,매립지
ㅁ,매매
ㅁ,매매가
ㅁ,매머드
ㅁ,매몰
ㅁ,매몰자
ㅁ,매무새
ㅁ,매무시
ㅁ,매물
ㅁ,매미
ㅁ,매번
ㅁ,매복
ㅁ,매부
ㅁ,매부리코
ㅁ,매사
ㅁ,매상
ㅁ,매상액
ㅁ,매설
ㅁ,매수
ㅁ,매수인
ㅁ,매스컴
ㅁ,매시간
ㅁ,매식
ㅁ,매실
ㅁ,매실주
ㅁ,매연
ㅁ,매운맛
ㅁ,매운탕
ㅁ,매월
ㅁ,매음
ㅁ,매일
ㅁ,매일매일
ㅁ,매일반
ㅁ,매입
ㅁ,매장
ㅁ,매장량
ㅁ,매점
ㅁ,매점매석
ㅁ,매제
ㅁ,매주
ㅁ,매직펜
ㅁ,매진
ㅁ,매질
ㅁ,매체
ㅁ,매초
ㅁ,매춘
ㅁ,매춘부
ㅁ,매출
ㅁ,매출액
ㅁ,매치
ㅁ,매트
ㅁ,매트리스
ㅁ,매표
ㅁ,매표구
ㅁ,매표소
ㅁ,매표원
ㅁ,매표창구
ㅁ,매한가지
ㅁ,매해
ㅁ,매형
ㅁ,매혹
ㅁ,매혹적
ㅁ,매회
ㅁ,머그
ㅁ,머그잔
ㅁ,머리
ㅁ,머리글
ㅁ,머리글자
ㅁ,머리기사
ㅁ,머리꼭지
ㅁ,머리끄덩이
ㅁ,머리끝
ㅁ,머리띠
ㅁ,머리말
ㅁ,머리맡
ㅁ,머리빗
ㅁ,머리숱
ㅁ,머리채
ㅁ,머리카락
ㅁ,머리칼
ㅁ,머리털
ㅁ,머리통
ㅁ,머리핀
ㅁ,머릿결
ㅁ,머릿기름
ㅁ,머릿돌
ㅁ,머릿속
ㅁ,머릿수
ㅁ,머릿수건
ㅁ,머스터드
ㅁ,머슴
ㅁ,머저리
ㅁ,머플러
ㅁ,머핀
ㅁ,메뉴
ㅁ,메뉴판
ㅁ,메달
ㅁ,메달리스트
ㅁ,메뚜기
ㅁ,메모
ㅁ,메모리
ㅁ,메모지
ㅁ,메밀
ㅁ,메밀가루
ㅁ,메밀국수
ㅁ,메밀꽃
ㅁ,메스
ㅁ,메시아
ㅁ,메시지
ㅁ,메신저
ㅁ,메아리
ㅁ,메이커
ㅁ,메이크업
ㅁ,메일
ㅁ,메조소프라노
ㅁ,메주
ㅁ,메커니즘
ㅁ,메트로놈
ㅁ,며느리
ㅁ,며느릿감
ㅁ,며칠
ㅁ,모가지
ㅁ,모계
ㅁ,모계제
ㅁ,모골
ㅁ,모공
ㅁ,모과
ㅁ,모교
ㅁ,모국
ㅁ,모국어
ㅁ,모금
ㅁ,모금함
ㅁ,모기
ㅁ,모기약
ㅁ,모기업
ㅁ,모기장
ㅁ,모기향
ㅁ,모깃불
ㅁ,모나코
ㅁ,모내기
ㅁ,모녀
ㅁ,모녀간
ㅁ,모노드라마
ㅁ,모눈종이
ㅁ,모니터
ㅁ,모닝커피
ㅁ,모닝콜
ㅁ,모닥불
ㅁ,모더니스트
ㅁ,모더니즘
ㅁ,모델
ㅁ,모뎀
ㅁ,모독
ㅁ,모두
ㅁ,모둠
ㅁ,모드
ㅁ,모듬
ㅁ,모래
ㅁ,모래땅
ㅁ,모래바람
ㅁ,모래밭
ㅁ,모래사장
ㅁ,모래성
ㅁ,모래시계
ㅁ,모래알
ㅁ,모략
ㅁ,모략중상
ㅁ,모레
ㅁ,모로코
ㅁ,모르쇠
ㅁ,모르핀
ㅁ,모리
ㅁ,모리배
ㅁ,모면
ㅁ,모멸
ㅁ,모멸감
ㅁ,모바일
ㅁ,모반
ㅁ,모발
ㅁ,모방
ㅁ,모범
ㅁ,모범생
ㅁ,모범수
ㅁ,모범적
ㅁ,모범택시
ㅁ,모빌
ㅁ,모사
ㅁ,모사품
ㅁ,모색
ㅁ,모서리
ㅁ,모성
ㅁ,모성애
ㅁ,모션
ㅁ,모순
ㅁ,모순성
ㅁ,모순적
ㅁ,모습
ㅁ,모시
ㅁ,모시옷
ㅁ,모시조개
ㅁ,모심기
ㅁ,모양
ㅁ,모양새
ㅁ,모어
ㅁ,모욕
ㅁ,모욕감
ㅁ,모욕적
ㅁ,모욕죄
ㅁ,모유
ㅁ,모음
ㅁ,모의
ㅁ,모의고사
ㅁ,모의실험
ㅁ,모이
ㅁ,묘기
ㅁ,묘령
ㅁ,묘목
ㅁ,묘미
ㅁ,묘법
ㅁ,묘비
ㅁ,묘비명
ㅁ,묘사
ㅁ,묘사력
ㅁ,묘소
ㅁ,묘수
ㅁ,묘안
ㅁ,묘약
ㅁ,묘역
ㅁ,묘자리
ㅁ,묘지
ㅁ,묘책
ㅁ,묘판
ㅁ,무가
ㅁ,무감각
ㅁ,무감동
ㅁ,무게
ㅁ,무게감
ㅁ,무계획
ㅁ,무계획성
ㅁ,무고
ㅁ,무고죄
ㅁ,무공
ㅁ,무공해
ㅁ,무관
ㅁ,무관심
ㅁ,무교
ㅁ,무구
ㅁ,무국적
ㅁ,무궁
ㅁ,무궁무진
ㅁ,무궁화
ㅁ,무극
ㅁ,무급
ㅁ,무기
ㅁ,무기고
ㅁ,무기력
ㅁ,무기력증
ㅁ,무기명
ㅁ,무기물
ㅁ,무기수
ㅁ,무기정학
ㅁ,무기질
ㅁ,무기한
ㅁ,무기형
ㅁ,무김치
ㅁ,무남독녀
ㅁ,무녀
ㅁ,무념
ㅁ,무념무상
ㅁ,무논
ㅁ,무능
ㅁ,무능력
ㅁ,무능력자
ㅁ,무늬
ㅁ,무단
ㅁ,무단가출
ㅁ,무단결근
ㅁ,무당
ㅁ,무당벌레
ㅁ,무대
ㅁ,무대극
ㅁ,무더기
ㅁ,무더위
ㅁ,무덤
ㅁ,무덤가
ㅁ,무도
ㅁ,무도회
ㅁ,무드
ㅁ,무력
ㅁ,무력감
ㅁ,무력증
ㅁ,무력행사
ㅁ,무력화
ㅁ,무례
ㅁ,무료
ㅁ,무료입장
ㅁ,무르팍
ㅁ,무릉도원
ㅁ,무릎
ㅁ,무리
ㅁ,무리수
ㅁ,무마
ㅁ,무말랭이
ㅁ,무면허
ㅁ,무명
ㅁ,무명옷
ㅁ,무명작가
ㅁ,무명지
ㅁ,무미건조
ㅁ,무박
ㅁ,무방비
ㅁ,무법
ㅁ,무법자
ㅁ,무병
ㅁ,무병장수
ㅁ,무보수
ㅁ,무분별
ㅁ,무비판
ㅁ,무비판적
ㅁ,무사
ㅁ,무사고
ㅁ,뮤지컬
ㅁ,미각
ㅁ,미간
ㅁ,미감
ㅁ,미개
ㅁ,미개발
ㅁ,미개인
ㅁ,미개지
ㅁ,미개척
ㅁ,미개척지
ㅁ,미결
ㅁ,미결수
ㅁ,미곡
ㅁ,미곡상
ㅁ,미관
ㅁ,미관말직
ㅁ,미관상
ㅁ,미구
ㅁ,미국
ㅁ,미군
ㅁ,미궁
ㅁ,미꾸라지
ㅁ,미끄럼
ㅁ,미끄럼틀
ㅁ,미끼
ㅁ,미나리
ㅁ,미남
ㅁ,미납
ㅁ,미납금
ㅁ,미네랄
ㅁ,미녀
ㅁ,미뉴에트
ㅁ,미니
ㅁ,미니스커트
ㅁ,미니카
ㅁ,미닫이
ㅁ,미닫이문
ㅁ,미달
ㅁ,미담
ㅁ,미덕
ㅁ,미동
ㅁ,미들급
ㅁ,미등
ㅁ,미등록
ㅁ,미디어
ㅁ,미라
ㅁ,미래
ㅁ,미래상
ㅁ,미래지향적
ㅁ,미래형
ㅁ,미량
ㅁ,미력
ㅁ,미련
ㅁ,미련퉁이
ㅁ,미로
ㅁ,미륵
ㅁ,미만
ㅁ,미망
ㅁ,미망인
ㅁ,미명
ㅁ,미모
ㅁ,미몽
ㅁ,미문
ㅁ,미물
ㅁ,미발표
ㅁ,미백
ㅁ,미봉책
ㅁ,미분양
ㅁ,미분화
ㅁ,미비
ㅁ,미비점
ㅁ,미사
ㅁ,미사여구
ㅁ,미사일
ㅁ,미상
ㅁ,미색
ㅁ,미생물
ㅁ,미생물학
ㅁ,미성
ㅁ,미성년
ㅁ,미성년자
ㅁ,미성숙
ㅁ,미세
ㅁ,미세스
ㅁ,미션
ㅁ,미소
ㅁ,미소년
ㅁ,미수
ㅁ,미수금
ㅁ,미수죄
ㅁ,미숙
ㅂ,바가지
ㅂ,바가지요금
ㅂ,바게트
ㅂ,바겐세일
ㅂ,바구니
ㅂ,바깥
ㅂ,바깥사돈
ㅂ,바깥세상
ㅂ,바깥양반
ㅂ,바깥일
ㅂ,바깥쪽
ㅂ,바깥채
ㅂ,바깥출입
ㅂ,바께쓰
ㅂ,바나나
ㅂ,바느질
ㅂ,바느질감
ㅂ,바느질거리
ㅂ,바늘
ㅂ,바늘구멍
ㅂ,바늘귀
ㅂ,바늘꽂이
ㅂ,바늘대
ㅂ,바늘땀
ㅂ,바늘방석
ㅂ,바닐라
ㅂ,바다
ㅂ,바다낚시
ㅂ,바닥
ㅂ,바닥권
ㅂ,바닥재
ㅂ,바닷가
ㅂ,바닷길
ㅂ,바닷물
ㅂ,바닷물고기
ㅂ,바닷바람
ㅂ,바닷새
ㅂ,바닷소리
ㅂ,바닷속
ㅂ,바둑
ㅂ,바둑돌
ㅂ,바둑알
ㅂ,바둑이
ㅂ,바둑판
ㅂ,바람
ㅂ,바람개비
ㅂ,바람결
ㅂ,바람기
ㅂ,바람둥이
ㅂ,바람막이
ㅂ,바람잡이
ㅂ,바랑
ㅂ,바레인
ㅂ,바로미터
ㅂ,바로크
ㅂ,바르셀로나
ㅂ,바른길
ㅂ,바른말
ㅂ,바른손
ㅂ,바른쪽
ㅂ,바른편
ㅂ,바리스타
ㅂ,바리케이드
ㅂ,바리톤
ㅂ,바바리
ㅂ,바바리코트
ㅂ,바벨
ㅂ,바보
ㅂ,바보상자
ㅂ,바보짓
ㅂ,바비큐
ㅂ,바셀린
ㅂ,바소쿠리
ㅂ,바순
ㅂ,바스켓
ㅂ,바우처
ㅂ,바위
ㅂ,바위산
ㅂ,바위섬
ㅂ,바위틈
ㅂ,바윗돌
ㅂ,바이러스
ㅂ,바이블
ㅂ,바이어
ㅂ,바이올리니스트
ㅂ,바이올린
ㅂ,바인더
ㅂ,바자
ㅂ,바자회
ㅂ,바지
ㅂ,바지락
ㅂ,바지런
ㅂ,바지저고리
ㅂ,바지춤
ㅂ,바지통
ㅂ,바짓가랑이
ㅂ,바캉스
ㅂ,바코드
ㅂ,배가
ㅂ,배격
ㅂ,배경
ㅂ,배고픔
ㅂ,배관
ㅂ,배교
ㅂ,배교자
ㅂ,배구
ㅂ,배금주의
ㅂ,배급
ㅂ,배급량
ㅂ,배급소
ㅂ,배급제
ㅂ,배급품
ㅂ,배기
ㅂ,배기가스
ㅂ,배기량
ㅂ,배기통
ㅂ,배꼽
ㅂ,배꼽티
ㅂ,배꽃
ㅂ,배나무
ㅂ,배낭
ㅂ,배낭여행
ㅂ,배낭족
ㅂ,배냇저고리
ㅂ,배뇨
ㅂ,배달
ㅂ,배달민족
ㅂ,배달부
ㅂ,배달원
ㅂ,배당
ㅂ,배당금
ㅂ,배당률
ㅂ,배드민턴
ㅂ,배란
ㅂ,배려
ㅂ,배려심
ㅂ,배반
ㅂ,배반자
ㅂ,배변
ㅂ,배부
ㅂ,배분
ㅂ,배불뚝이
ㅂ,배산임수
ㅂ,배상
ㅂ,배상금
ㅂ,배색
ㅂ,배선
ㅂ,배설
ㅂ,배설물
ㅂ,배속
ㅂ,배송
ㅂ,배송비
ㅂ,배수
ㅂ,배수관
ㅂ,배수구
ㅂ,배수로
ㅂ,배수진
ㅂ,배식
ㅂ,배신
ㅂ,배신감
ㅂ,배신자
ㅂ,배심원
ㅂ,배아
ㅂ,배알
ㅂ,배앓이
ㅂ,배양
ㅂ,배역
ㅂ,배역진
ㅂ,배열
ㅂ,배영
ㅂ,배우
ㅂ,배우자
ㅂ,배움터
ㅂ,배웅
ㅂ,배율
ㅂ,배은망덕
ㅂ,배임
ㅂ,배전
ㅂ,배점
ㅂ,배접
ㅂ,배정
ㅂ,배제
ㅂ,배지
ㅂ,배짱
ㅂ,배차
ㅂ,배척
ㅂ,배추
ㅂ,배추김치
ㅂ,배출
ㅂ,버거
ㅂ,버그
ㅂ,버너
ㅂ,버드나무
ㅂ,버들
ㅂ,버들가지
ㅂ,버들강아지
ㅂ,버들잎
ㅂ,버들피리
ㅂ,버르장머리
ㅂ,버릇
ㅂ,버선
ㅂ,버선코
ㅂ,버섯
ㅂ,버섯전골
ㅂ,버스
ㅂ,버저
ㅂ,버전
ㅂ,버짐
ㅂ,버찌
ㅂ,버터
ㅂ,버튼
ㅂ,버팀기둥
ㅂ,버팀대
ㅂ,버팀목
ㅂ,베개
ㅂ,베갯머리
ㅂ,베갯잇
ㅂ,베네수엘라
ㅂ,베니어
ㅂ,베란다
ㅂ,베레모
ㅂ,베스트셀러
ㅂ,베옷
ㅂ,베이글
ㅂ,베이비시터
ㅂ,베이스
ㅂ,베이지
ㅂ,베이징
ㅂ,베이커리
ㅂ,베이컨
ㅂ,베이킹파우더
ㅂ,베일
ㅂ,베적삼
ㅂ,베짱이
ㅂ,베테랑
ㅂ,베트남
ㅂ,베트남어
ㅂ,베틀
ㅂ,벼농사
ㅂ,벼락
ㅂ,벼락공부
ㅂ,벼락부자
ㅂ,벼락출세
ㅂ,벼락치기
ㅂ,벼랑
ㅂ,벼랑길
ㅂ,벼루
ㅂ,벼룩
ㅂ,벼룩시장
ㅂ,벼슬
ㅂ,벼슬길
ㅂ,벼슬살이
ㅂ,벼슬아치
ㅂ,벼슬자리
ㅂ,보강
ㅂ,보건
ㅂ,보건소
ㅂ,보격
ㅂ,보결
ㅂ,보고
ㅂ,보고서
ㅂ,보관
ㅂ,보관료
ㅂ,보관소
ㅂ,보관함
ㅂ,보균자
ㅂ,보금자리
ㅂ,보급
ㅂ,보급소
ㅂ,보급품
ㅂ,보급형
ㅂ,보기
ㅂ,보너스
ㅂ,보답
ㅂ,보도
ㅂ,보도국
ㅂ,보도블록
ㅂ,보도진
ㅂ,보드카
ㅂ,보디빌딩
ㅂ,보따리
ㅂ,보따리장수
ㅂ,보라
ㅂ,보라색
ㅂ,보람
ㅂ,보랏빛
ㅂ,보료
ㅂ,보루
ㅂ,보류
ㅂ,보름
ㅂ,보름날
ㅂ,보름달
ㅂ,보리
ㅂ,보리밥
ㅂ,보리밭
ㅂ,보리쌀
ㅂ,보리차
ㅂ,보릿고개
ㅂ,보릿자루
ㅂ,보모
ㅂ,보물
ㅂ,보물단지
ㅂ,보물섬
ㅂ,보물찾기
ㅂ,보배
ㅂ,보병
ㅂ,보복
ㅂ,보살
ㅂ,보살핌
ㅂ,보상
ㅂ,보상금
ㅂ,보상액
ㅂ,보색
ㅂ,보석
ㅂ,보석금
ㅂ,보석상
ㅂ,보선
ㅂ,보수
ㅂ,보수성
ㅂ,보수적
ㅂ,보수주의
ㅂ,보수파
ㅂ,보스
ㅂ,보슬비
ㅂ,보습제
ㅂ,보시기
ㅂ,보신
ㅂ,보신각
ㅂ,보신탕
ㅂ,보쌈
ㅂ,보쌈김치
ㅂ,보안
ㅂ,보안경
ㅂ,보안관
ㅂ,보안등
ㅂ,보약
ㅂ,보양
ㅂ,보양식
ㅂ,보어
ㅂ,보온
ㅂ,보온밥통
ㅂ,보온병
ㅂ,보완
ㅂ,부가
ㅂ,부가세
ㅂ,부각
ㅂ,부강
ㅂ,부검
ㅂ,부결
ㅂ,부계
ㅂ,부고
ㅂ,부과
ㅂ,부과금
ㅂ,부관
ㅂ,부교수
ㅂ,부교재
ㅂ,부국
ㅂ,부국강병
ㅂ,부군
ㅂ,부귀
ㅂ,부귀영화
ㅂ,부근
ㅂ,부금
ㅂ,부기
ㅂ,부끄러움
ㅂ,부끄럼
ㅂ,부녀
ㅂ,부녀간
ㅂ,부녀자
ㅂ,부녀회
ㅂ,부농
ㅂ,부담
ㅂ,부담감
ㅂ,부담금
ㅂ,부담액
ㅂ,부당
ㅂ,부당성
ㅂ,부대
ㅂ,부대설비
ㅂ,부대시설
ㅂ,부대장
ㅂ,부대찌개
ㅂ,부대표
ㅂ,부덕
ㅂ,부도
ㅂ,부도덕
ㅂ,부도덕성
ㅂ,부동
ㅂ,부동산
ㅂ,부동산업
ㅂ,부동자세
ㅂ,부동표
ㅂ,부두
ㅂ,부둣가
ㅂ,부등식
ㅂ,부등호
ㅂ,부뚜막
ㅂ,부락
ㅂ,부락민
ㅂ,부랑아
ㅂ,부랑자
ㅂ,부럼
ㅂ,부력
ㅂ,부록
ㅂ,부류
ㅂ,부르주아
ㅂ,부름
ㅂ,부리
ㅂ,부마
ㅂ,부메랑
ㅂ,부모
ㅂ,부모님
ㅂ,부목
ㅂ,부문
ㅂ,부문별
ㅂ,부반장
ㅂ,부부
ㅂ,부부간
ㅂ,부부애
ㅂ,부부지간
ㅂ,부분
ㅂ,부분적
ㅂ,부사
ㅂ,부사격
ㅂ,부사관
ㅂ,부사어
ㅂ,부사장
ㅂ,부사절
ㅂ,부사형
ㅂ,부산
ㅂ,부산물
ㅂ,부삽
ㅂ,부상
ㅂ,뷔페
ㅂ,브라우저
ㅂ,브라질
ㅂ,브래지어
ㅂ,브랜드
ㅂ,브러시
ㅂ,브런치
ㅂ,브레이크
ㅂ,브로치
ㅂ,브로커
ㅂ,브로콜리
ㅂ,브리핑
ㅂ,비거리
ㅂ,비격식적
ㅂ,비격식체
ㅂ,비결
ㅂ,비계
ㅂ,비공개
ㅂ,비공식
ㅂ,비공식적
ㅂ,비과세
ㅂ,비과학적
ㅂ,비관
ㅂ,비관론
ㅂ,비관적
ㅂ,비교
ㅂ,비교과
ㅂ,비교적
ㅂ,비구름
ㅂ,비극
ㅂ,비극적
ㅂ,비금속
ㅂ,비난
ㅂ,비누
ㅂ,비눗갑
ㅂ,비눗방울
ㅂ,비늘
ㅂ,비닐
ㅂ,비닐봉지
ㅂ,비닐하우스
ㅂ,비단
ㅂ,비대면
ㅂ,비대칭
ㅂ,비데
ㅂ,비도덕적
ㅂ,비동맹국
ㅂ,비둘기
ㅂ,비듬
ㅂ,비디오
ㅂ,비련
ㅂ,비례
ㅂ,비료
ㅂ,비리
ㅂ,비린내
ㅂ,비만
ㅂ,비명
ㅂ,비명횡사
ㅂ,비몽사몽
ㅂ,비무장
ㅂ,비밀
ㅂ,비밀리
ㅂ,비밀문서
ㅂ,비밀번호
ㅂ,비바람
ㅂ,비방
ㅂ,비법
ㅂ,비보
ㅂ,비분강개
ㅂ,비빔국수
ㅂ,비빔냉면
ㅂ,비빔밥
ㅂ,비상
ㅂ,비상계단
ㅂ,비상구
ㅂ,비상근무
ㅂ,비상금
ㅂ,비상벨
ㅂ,비상시
ㅂ,비상식
ㅂ,비상용
ㅂ,비상조치
ㅂ,비생산적
ㅂ,비서
ㅂ,비서실
ㅂ,비석
ㅂ,비소설
ㅂ,비속어
ㅂ,비수기
ㅂ,비수도권
ㅂ,비스킷
ㅂ,비애
ㅂ,비약적
ㅂ,비양심적
ㅂ,비엔날레
ㅂ,비열
ㅂ,비염
ㅂ,비영리
ㅂ,비올라
ㅂ,비옷
ㅂ,비용
ㅂ,비운
ㅂ,비웃음
ㅂ,비위
ㅂ,비위생적
ㅂ,비유
ㅅ,사각
ㅅ,사각지대
ㅅ,사각형
ㅅ,사거리
ㅅ,사건
ㅅ,사격
ㅅ,사격장
ㅅ,사견
ㅅ,사경
ㅅ,사계
ㅅ,사계절
ㅅ,사고
ㅅ,사고력
ㅅ,사고뭉치
ㅅ,사고방식
ㅅ,사골
ㅅ,사공
ㅅ,사과
ㅅ,사과나무
ㅅ,사과문
ㅅ,사관
ㅅ,사관생도
ㅅ,사교
ㅅ,사교계
ㅅ,사교성
ㅅ,사교육
ㅅ,사교육비
ㅅ,사교장
ㅅ,사교적
ㅅ,사군자
ㅅ,사극
ㅅ,사글세
ㅅ,사금
ㅅ,사금파리
ㅅ,사기
ㅅ,사기극
ㅅ,사기꾼
ㅅ,사기업
ㅅ,사기죄
ㅅ,사나이
ㅅ,사나흘
ㅅ,사내
ㅅ,사내대장부
ㅅ,사내아이
ㅅ,사내애
ㅅ,사냥
ㅅ,사냥감
ㅅ,사냥개
ㅅ,사냥꾼
ㅅ,사냥터
ㅅ,사념
ㅅ,사다리
ㅅ,사다리차
ㅅ,사단
ㅅ,사달
ㅅ,사담
ㅅ,사당
ㅅ,사대
ㅅ,사대문
ㅅ,사대부
ㅅ,사대주의
ㅅ,사도
ㅅ,사돈
ㅅ,사돈댁
ㅅ,사돈어른
ㅅ,사동
ㅅ,사동법
ㅅ,사둔
ㅅ,사또
ㅅ,사람
ㅅ,사람됨
ㅅ,사랑
ㅅ,사랑꾼
ㅅ,사랑니
ㅅ,사랑방
ㅅ,사랑채
ㅅ,사려
ㅅ,사력
ㅅ,사령관
ㅅ,사령부
ㅅ,사령탑
ㅅ,사례
ㅅ,사례금
ㅅ,사료
ㅅ,새것
ㅅ,새김
ㅅ,새끼
ㅅ,새끼발가락
ㅅ,새끼손가락
ㅅ,새끼줄
ㅅ,새날
ㅅ,새내기
ㅅ,새달
ㅅ,새대가리
ㅅ,새댁
ㅅ,새말
ㅅ,새벽
ㅅ,새벽길
ㅅ,새벽녘
ㅅ,새벽달
ㅅ,새벽별
ㅅ,새벽잠
ㅅ,새봄
ㅅ,새사람
ㅅ,새살
ㅅ,새살림
ㅅ,새색시
ㅅ,새소리
ㅅ,새순
ㅅ,새신랑
ㅅ,새싹
ㅅ,새아버지
ㅅ,새아빠
ㅅ,새아씨
ㅅ,새알
ㅅ,새앙쥐
ㅅ,새어머니
ㅅ,새언니
ㅅ,새엄마
ㅅ,새옹지마
ㅅ,새우
ㅅ,새우잠
ㅅ,새우젓
ㅅ,새우튀김
ㅅ,새잎
ㅅ,새장
ㅅ,새집
ㅅ,새참
ㅅ,새총
ㅅ,새치
ㅅ,새치기
ㅅ,새치미
ㅅ,새침
ㅅ,새침데기
ㅅ,새터민
ㅅ,새털
ㅅ,새털구름
ㅅ,새해
ㅅ,새해맞이
ㅅ,샤머니즘
ㅅ,샤부샤부
ㅅ,샤브샤브
ㅅ,샤워
ㅅ,샤워기
ㅅ,샤워실
ㅅ,샤프
ㅅ,서가
ㅅ,서간문
ㅅ,서간체
ㅅ,서거
ㅅ,서고
ㅅ,서곡
ㅅ,서광
ㅅ,서구
ㅅ,서구식
ㅅ,서구인
ㅅ,서구적
ㅅ,서구형
ㅅ,서구화
ㅅ,서기
ㅅ,서기관
ㅅ,서까래
ㅅ,서남
ㅅ,서남쪽
ㅅ,서녘
ㅅ,서당
ㅅ,서도
ㅅ,서두
ㅅ,서랍
ㅅ,서랍장
ㅅ,서러움
ㅅ,서로
ㅅ,서로서로
ㅅ,서론
ㅅ,서류
ㅅ,서류철
ㅅ,서류함
ㅅ,서리
ㅅ,서릿발
ㅅ,서막
ㅅ,서면
ㅅ,서명
ㅅ,서무실
ㅅ,서문
ㅅ,서민
ㅅ,서민적
ㅅ,서민층
ㅅ,서방
ㅅ,서방님
ㅅ,서법
ㅅ,서부
ㅅ,서부극
ㅅ,서북
ㅅ,서북방
ㅅ,서북부
ㅅ,서북쪽
ㅅ,서북풍
ㅅ,서브
ㅅ,서비스
ㅅ,서비스업
ㅅ,서빙
ㅅ,서사
ㅅ,서사시
ㅅ,서사적
ㅅ,서생
ㅅ,서설
ㅅ,서수
ㅅ,서수사
ㅅ,서술
ㅅ,서술격
ㅅ,서술문
ㅅ,서술어
ㅅ,서슬
ㅅ,서식
ㅅ,서식지
ㅅ,서식처
ㅅ,서신
ㅅ,서실
ㅅ,서약
ㅅ,서약서
ㅅ,서양
ㅅ,서양사
ㅅ,서양식
ㅅ,서양인
ㅅ,서양적
ㅅ,서양화
ㅅ,서양화가
ㅅ,서열
ㅅ,서열화
ㅅ,서예
ㅅ,서예가
ㅅ,서울
ㅅ,서울내기
ㅅ,서울말
ㅅ,서울역
ㅅ,서원
ㅅ,세간
ㅅ,세계
ㅅ,세계관
ㅅ,세계사
ㅅ,세계사적
ㅅ,세계상
ㅅ,세계적
ㅅ,세계화
ㅅ,세공
ㅅ,세공품
ㅅ,세관
ㅅ,세균
ㅅ,세균성
ㅅ,세금
ㅅ,세기
ㅅ,세기말
ㅅ,세네갈
ㅅ,세뇌
ㅅ,세대
ㅅ,세대교체
ㅅ,세대원
ㅅ,세대주
ㅅ,세도
ㅅ,세도가
ㅅ,세라믹
ㅅ,세레나데
ㅅ,세력
ㅅ,세력가
ㅅ,세력권
ㅅ,세력화
ㅅ,세련
ㅅ,세련미
ㅅ,세례
ㅅ,세례명
ㅅ,세례식
ㅅ,세로
ㅅ,세로무늬
ㅅ,세로줄
ㅅ,세로축
ㅅ,세로획
ㅅ,세르비아
ㅅ,세면
ㅅ,세면기
ㅅ,세면대
ㅅ,세면도구
ㅅ,세면실
ㅅ,세면장
ㅅ,세모
ㅅ,세모꼴
ㅅ,세모시
ㅅ,세목
ㅅ,세무
ㅅ,세무사
ㅅ,세무서
ㅅ,세미나
ㅅ,세밑
ㅅ,세반고리관
ㅅ,세발자전거
ㅅ,세배
ㅅ,세뱃돈
ㅅ,세법
ㅅ,세부
ㅅ,세부적
ㅅ,세분
ㅅ,세분화
ㅅ,세비
ㅅ,세상
ㅅ,세상만사
ㅅ,세상사
ㅅ,세상살이
ㅅ,세상일
ㅅ,세속
ㅅ,세속적
ㅅ,세속화
ㅅ,세손
ㅅ,세수
ㅅ,세숫대야
ㅅ,세숫물
ㅅ,세숫비누
ㅅ,세습
ㅅ,세습적
ㅅ,세시
ㅅ,세안
ㅅ,세액
ㅅ,세월
ㅅ,세율
ㅅ,세이프
ㅅ,세일
ㅅ,세일즈맨
ㅅ,세입
ㅅ,세입자
ㅅ,세자
ㅅ,세자빈
ㅅ,세전
ㅅ,세정
ㅅ,셔츠
ㅅ,셔터
ㅅ,셔틀버스
ㅅ,셔틀콕
ㅅ,셰프
ㅅ,소가족
ㅅ,소가죽
ㅅ,소각
ㅅ,소각로
ㅅ,소각장
ㅅ,소갈머리
ㅅ,소갈비
ㅅ,소감
ㅅ,소강당
ㅅ,소개
ㅅ,소개말
ㅅ,소개비
ㅅ,소개서
ㅅ,소개소
ㅅ,소개업
ㅅ,소개장
ㅅ,소개팅
ㅅ,소거
ㅅ,소견
ㅅ,소견머리
ㅅ,소견서
ㅅ,소경
ㅅ,소계
ㅅ,소고
ㅅ,소고기
ㅅ,소공연
ㅅ,소공원
ㅅ,소관
ㅅ,소괄호
ㅅ,소굴
ㅅ,소규모
ㅅ,소그룹
ㅅ,소극장
ㅅ,소극적
ㅅ,소금
ㅅ,소금기
ㅅ,소금물
ㅅ,소금쟁이
ㅅ,소급
ㅅ,소기
ㅅ,소기업
ㅅ,소꼬리
ㅅ,소꿉
ㅅ,소꿉놀이
ㅅ,소꿉장난
ㅅ,소나기
ㅅ,소나무
ㅅ,소나타
ㅅ,소낙비
ㅅ,소녀
ㅅ,소년
ㅅ,소년기
ㅅ,소년원
ㅅ,소뇌
ㅅ,소다
ㅅ,소다수
ㅅ,소단원
ㅅ,소달구지
ㅅ,소대
ㅅ,소대원
ㅅ,소대장
ㅅ,소도구
ㅅ,소도둑
ㅅ,소도시
ㅅ,소독
ㅅ,소독약
ㅅ,소독저
ㅅ,소동
ㅅ,소득
ㅅ,소득세
ㅅ,소등
ㅅ,소똥
ㅅ,소띠
ㅅ,소라
ㅅ,소라게
ㅅ,소란
ㅅ,소량
ㅅ,소련
ㅅ,소령
ㅅ,소로
ㅅ,소론
ㅅ,소름
ㅅ,소리
ㅅ,소리글자
ㅅ,소리꾼
ㅅ,소립자
ㅅ,소만
ㅅ,소말리아
ㅅ,소망
ㅅ,소매
ㅅ,소매가
ㅅ,소매상
ㅅ,쇄골
ㅅ,쇄국
ㅅ,쇄국주의
ㅅ,쇄도
ㅅ,쇄신
ㅅ,쇠가죽
ㅅ,쇠간
ㅅ,쇠갈고리
ㅅ,쇠갈비
ㅅ,쇠고기
ㅅ,쇠고랑
ㅅ,쇠고리
ㅅ,쇠고집
ㅅ,쇠귀
ㅅ,쇠기름
ㅅ,쇠꼬리
ㅅ,쇠똥
ㅅ,쇠똥구리
ㅅ,쇠뚜껑
ㅅ,쇠락
ㅅ,쇠막대기
ㅅ,쇠망
ㅅ,쇠망치
ㅅ,쇠머리
ㅅ,쇠뭉치
ㅅ,쇠붙이
ㅅ,쇠뼈
ㅅ,쇠뿔
ㅅ,쇠사슬
ㅅ,쇠스랑
ㅅ,쇠약
ㅅ,쇠잔
ㅅ,쇠죽
ㅅ,쇠줄
ㅅ,쇠진
ㅅ,쇠창살
ㅅ,쇠톱
ㅅ,쇠퇴
ㅅ,쇠퇴기
ㅅ,쇠파리
ㅅ,쇼비니즘
ㅅ,쇼윈도
ㅅ,쇼크
ㅅ,쇼파
ㅅ,쇼핑
ㅅ,쇼핑몰
ㅅ,쇼핑백
ㅅ,쇼핑센터
ㅅ,쇼호스트
ㅅ,수가
ㅅ,수간호사
ㅅ,수감
ㅅ,수감자
ㅅ,수갑
ㅅ,수강
ㅅ,수강료
ㅅ,수강생
ㅅ,수강자
ㅅ,수강증
ㅅ,수개월
ㅅ,수거
ㅅ,수건
ㅅ,수건걸이
ㅅ,수건돌리기
ㅅ,수경
ㅅ,수고
ㅅ,수고비
ㅅ,수공
ㅅ,수공업
ㅅ,수공업자
ㅅ,수공예
ㅅ,수공품
ㅅ,수괴
ㅅ,수교
ㅅ,수구
ㅅ,수구파
ㅅ,수국
ㅅ,수군덕질
ㅅ,수궁가
ㅅ,수금
ㅅ,수급
ㅅ,수긍
ㅅ,수기
ㅅ,수꿩
ㅅ,수나사
ㅅ,수난
ㅅ,수난기
ㅅ,수난사
ㅅ,수납
ㅅ,수납공간
ㅅ,수납장
ㅅ,수녀
ㅅ,수녀원
ㅅ,수년
ㅅ,수놈
ㅅ,수뇌
ㅅ,수뇌부
ㅅ,수능
ㅅ,수다
ㅅ,수다쟁이
ㅅ,수단
ㅅ,수달
ㅅ,수달피
ㅅ,수당
ㅅ,수도
ㅅ,수도관
ㅅ,수도권
ㅅ,수도꼭지
ㅅ,수도사
ㅅ,수도승
ㅅ,수도원
ㅅ,수도자
ㅅ,수돗가
ㅅ,수돗물
ㅅ,수동
ㅅ,수동식
ㅅ,수동적
ㅅ,수동태
ㅅ,수동형
ㅅ,수두
ㅅ,수라
ㅅ,수라장
ㅅ,수락
ㅅ,수량
ㅅ,수량적
ㅅ,수렁
ㅅ,수레
ㅅ,수레바퀴
ㅅ,수력
ㅅ,수련
ㅅ,수련원
ㅅ,수련의
ㅅ,수련회
ㅅ,수렴
ㅅ,슈팅
ㅅ,슈퍼
ㅅ,슈퍼마켓
ㅅ,슈퍼맨
ㅅ,슈퍼우먼
ㅅ,슈퍼컴퓨터
ㅅ,스낵
ㅅ,스냅
ㅅ,스노보드
ㅅ,스노클링
ㅅ,스님
ㅅ,스리랑카
ㅅ,스릴
ㅅ,스릴러
ㅅ,스마일
ㅅ,스마트폰
ㅅ,스모그
ㅅ,스무고개
ㅅ,스스로
ㅅ,스승
ㅅ,스시
ㅅ,스웨덴
ㅅ,스웨덴어
ㅅ,스웨터
ㅅ,스위스
ㅅ,스위치
ㅅ,스윙
ㅅ,스카우트
ㅅ,스카이다이빙
ㅅ,스카치테이프
ㅅ,스카프
ㅅ,스캐너
ㅅ,스캔들
ㅅ,스커트
ㅅ,스케이트
ㅅ,스케이트보드
ㅅ,스케이트장
ㅅ,스케일
ㅅ,스케일링
ㅅ,스케줄
ㅅ,스케치
ㅅ,스케치북
ㅅ,스코어
ㅅ,스쿠터
ㅅ,스쿨버스
ㅅ,스크랩
ㅅ,스크랩북
ㅅ,스크럼
ㅅ,스크린
ㅅ,스키
ㅅ,스키장
ㅅ,스킨로션
ㅅ,스타
ㅅ,스타디움
ㅅ,스타일
ㅅ,스타킹
ㅅ,스태프
ㅅ,스탠드
ㅅ,스탠드바
ㅅ,스탬프
ㅅ,스터디
ㅅ,스턴트맨
ㅅ,스테디셀러
ㅅ,스테레오
ㅅ,스테로이드
ㅅ,스테이크
ㅅ,스테이플러
ㅅ,스테인리스
ㅅ,스텐
ㅅ,스텝
ㅅ,스토리
ㅅ,스토리텔링
ㅅ,스토브
ㅅ,스튜디오
ㅅ,스튜어드
ㅅ,스튜어디스
ㅅ,스트라이커
ㅅ,스트라이크
ㅅ,스트레스
ㅅ,스트레이트
ㅅ,스트레칭
ㅅ,스트리밍
ㅅ,스트립쇼
ㅅ,스티로폼
ㅅ,스티커
ㅅ,스틱
ㅅ,스팀
ㅅ,스파
ㅅ,스파게티
ㅅ,스파이
ㅅ,스파이크
ㅅ,스팸
ㅅ,스펀지
ㅅ,스페어타이어
ㅅ,스페인
ㅅ,스페인어
ㅅ,스펙
ㅅ,스펙트럼
ㅅ,스펠링
ㅅ,스포이트
ㅅ,스포츠
ㅅ,스포츠맨
ㅅ,스포츠카
ㅅ,스포트라이트
ㅅ,스폰서
ㅅ,시가
ㅅ,시가전
ㅅ,시가지
ㅅ,시가행진
ㅅ,시각
ㅅ,시각적
ㅅ,시각차
ㅅ,시각표
ㅅ,시각화
ㅅ,시간
ㅅ,시간당
ㅅ,시간대
ㅅ,시간문제
ㅅ,시간적
ㅅ,시간제
ㅅ,시간표
ㅅ,시계
ㅅ,시계추
ㅅ,시계탑
ㅅ,시곗바늘
ㅅ,시골
ㅅ,시골길
ㅅ,시골뜨기
ㅅ,시골집
ㅅ,시공
ㅅ,시구
ㅅ,시국
ㅅ,시궁창
ㅅ,시그널
ㅅ,시금석
ㅅ,시금치
ㅅ,시급
ㅅ,시기
ㅅ,시기상조
ㅅ,시기심
ㅅ,시기적
ㅅ,시나리오
ㅅ,시나몬
ㅅ,시내
ㅅ,시내버스
ㅅ,시냇가
ㅅ,시냇물
ㅅ,시너
ㅅ,시녀
ㅅ,시누이
ㅅ,시늉
ㅅ,시달
ㅅ,시대
ㅅ,시대별
ㅅ,시대상
ㅅ,시대성
ㅅ,시대적
ㅅ,시대착오
ㅅ,시대착오적
ㅅ,시댁
ㅅ,시도
ㅅ,시동
ㅅ,시동생
ㅅ,시디
ㅅ,시디롬
ㅅ,시디플레이어
ㅅ,시래기
ㅅ,시래깃국
ㅅ,시럽
ㅅ,시력
ㅅ,시련
ㅅ,시련기
ㅅ,시론
ㅅ,시루
ㅅ,시루떡
ㅅ,시류
ㅅ,시름
ㅅ,시리아
ㅅ,시리얼
ㅅ,시리즈
ㅅ,시립
ㅅ,시말서
ㅅ,시멘트
ㅅ,시무식
ㅅ,시문
ㅅ,시뮬레이션
ㅅ,시민
ㅅ,시민권
ㅇ,아가
ㅇ,아가리
ㅇ,아가미
ㅇ,아가씨
ㅇ,아구
ㅇ,아군
ㅇ,아궁이
ㅇ,아귀
ㅇ,아귀다툼
ㅇ,아기
ㅇ,아까
ㅇ,아나운서
ㅇ,아낙
ㅇ,아낙네
ㅇ,아날로그
ㅇ,아내
ㅇ,아녀자
ㅇ,아동
ㅇ,아동기
ㅇ,아동복
ㅇ,아동용
ㅇ,아드님
ㅇ,아들
ㅇ,아들내미
ㅇ,아들딸
ㅇ,아들아이
ㅇ,아들애
ㅇ,아들자식
ㅇ,아랍
ㅇ,아랍어
ㅇ,아랑곳
ㅇ,아래
ㅇ,아래옷
ㅇ,아래위
ㅇ,아래윗집
ㅇ,아래쪽
ㅇ,아래층
ㅇ,아래턱
ㅇ,아래편
ㅇ,아랫것
ㅇ,아랫길
ㅇ,아랫니
ㅇ,아랫단
ㅇ,아랫도리
ㅇ,아랫목
ㅇ,아랫물
ㅇ,아랫배
ㅇ,아랫부분
ㅇ,아랫사람
ㅇ,아랫입술
ㅇ,아랫자리
ㅇ,아랫집
ㅇ,아량
ㅇ,아령
ㅇ,아로마
ㅇ,아류
ㅇ,아르바이트
ㅇ,아르바이트생
ㅇ,아르헨티나
ㅇ,아름
ㅇ,아름다움
ㅇ,아름드리
ㅇ,아리랑
ㅇ,아리아
ㅇ,아마추어
ㅇ,아메리카
ㅇ,아메리카노
ㅇ,아메바
ㅇ,아명
ㅇ,아몬드
ㅇ,아무것
ㅇ,아무짝
ㅇ,아미노산
ㅇ,아버님
ㅇ,아버지
ㅇ,아범
ㅇ,아보카도
ㅇ,아부
ㅇ,아비
ㅇ,아비규환
ㅇ,아빠
ㅇ,아사
ㅇ,아세톤
ㅇ,아수라장
ㅇ,아쉬움
ㅇ,아스팔트
ㅇ,아스피린
ㅇ,아시아
ㅇ,아양
ㅇ,아역
ㅇ,아연
ㅇ,아열대
ㅇ,아우
ㅇ,아우성
ㅇ,아울렛
ㅇ,아웃
ㅇ,애간장
ㅇ,애걸
ㅇ,애걸복걸
ㅇ,애견
ㅇ,애교
ㅇ,애교심
ㅇ,애국
ㅇ,애국가
ㅇ,애국심
ㅇ,애국자
ㅇ,애국적
ㅇ,애국정신
ㅇ,애국주의
ㅇ,애기
ㅇ,애늙은이
ㅇ,애니
ㅇ,애니메이션
ㅇ,애당초
ㅇ,애도
ㅇ,애독
ㅇ,애독자
ㅇ,애로
ㅇ,애마
ㅇ,애무
ㅇ,애물단지
ㅇ,애벌레
ㅇ,애벌빨래
ㅇ,애비
ㅇ,애석
ㅇ,애송이
ㅇ,애숭이
ㅇ,애시당초
ㅇ,애어른
ㅇ,애완
ㅇ,애완견
ㅇ,애완동물
ㅇ,애완용
ㅇ,애용
ㅇ,애원
ㅇ,애인
ㅇ,애장품
ㅇ,애정
ㅇ,애제자
ㅇ,애주가
ㅇ,애착
ㅇ,애착심
ㅇ,애창
ㅇ,애창곡
ㅇ,애처가
ㅇ,애청자
ㅇ,애초
ㅇ,애칭
ㅇ,애통
ㅇ,애프터서비스
ㅇ,애플리케이션
ㅇ,애호
ㅇ,애호가
ㅇ,애호박
ㅇ,애환
ㅇ,야간
ㅇ,야경
ㅇ,야광
ㅇ,야구
ㅇ,야구공
ㅇ,야구장
ㅇ,야권
ㅇ,야근
ㅇ,야기
ㅇ,야단
ㅇ,야단법석
ㅇ,야당
ㅇ,야만
ㅇ,야만성
ㅇ,야만인
ㅇ,야만적
ㅇ,야망
ㅇ,야맹증
ㅇ,야반도주
ㅇ,야밤
ㅇ,야산
ㅇ,야생
ㅇ,야생마
ㅇ,야생화
ㅇ,야성
ㅇ,야성미
ㅇ,야성적
ㅇ,야수
ㅇ,야시장
ㅇ,야식
ㅇ,야심
ㅇ,야심작
ㅇ,야영
ㅇ,야영객
ㅇ,야영장
ㅇ,야외
ㅇ,야유
ㅇ,야유회
ㅇ,야자
ㅇ,야자나무
ㅇ,야자수
ㅇ,야채
ㅇ,야학
ㅇ,야합
ㅇ,야행성
ㅇ,야회
ㅇ,얘기
ㅇ,얘기꾼
ㅇ,얘깃거리
ㅇ,어간
ㅇ,어감
ㅇ,어거지
ㅇ,어근
ㅇ,어금니
ㅇ,어깨
ㅇ,어깨너머
ㅇ,어깨동무
ㅇ,어깨춤
ㅇ,어두
ㅇ,어두운색
ㅇ,어두움
ㅇ,어둠
ㅇ,어려움
ㅇ,어록
ㅇ,어뢰
ㅇ,어류
ㅇ,어르신
ㅇ,어른
ㅇ,어리광
ㅇ,어리굴젓
ㅇ,어린것
ㅇ,어린아이
ㅇ,어린애
ㅇ,어린이
ㅇ,어린이날
ㅇ,어린이집
ㅇ,어림
ㅇ,어림짐작
ㅇ,어릿광대
ㅇ,어머니
ㅇ,어머님
ㅇ,어멈
ㅇ,어명
ㅇ,어묵
ㅇ,어문학
ㅇ,어미
ㅇ,어민
ㅇ,어버이
ㅇ,어버이날
ㅇ,어법
ㅇ,어부
ㅇ,어부지리
ㅇ,어불성설
ㅇ,어사
ㅇ,어선
ㅇ,어선단
ㅇ,어순
ㅇ,어스름
ㅇ,어슷썰기
ㅇ,어시장
ㅇ,어안
ㅇ,어업
ㅇ,어용
ㅇ,어원
ㅇ,어육
ㅇ,어음
ㅇ,어이
ㅇ,어장
ㅇ,어저께
ㅇ,어절
ㅇ,어제
ㅇ,어제오늘
ㅇ,어제저녁
ㅇ,어젯밤
ㅇ,어조
ㅇ,어족
ㅇ,어종
ㅇ,어중이떠중이
ㅇ,어지럼증
ㅇ,어처구니
ㅇ,어촌
ㅇ,어투
ㅇ,어패류
ㅇ,어폐
ㅇ,어플리케이션
ㅇ,어필
ㅇ,어학
ㅇ,어학당
ㅇ,어학연수
ㅇ,어학원
ㅇ,어항
ㅇ,어획
ㅇ,어획고
ㅇ,어획량
ㅇ,어휘
ㅇ,어휘력
ㅇ,어휘집
ㅇ,에고이즘
ㅇ,에나멜
ㅇ,에너지
ㅇ,에너지원
ㅇ,에누리
ㅇ,에러
ㅇ,에로스
ㅇ,에로티시즘
ㅇ,에미
ㅇ,에밀레종
ㅇ,에세이
ㅇ,에스오에스
ㅇ,에스컬레이터
ㅇ,에스코트
ㅇ,에스파냐
ㅇ,에스파냐어
ㅇ,에스프레소
ㅇ,에어로빅
ㅇ,에어백
ㅇ,에어컨
ㅇ,에어컨디셔너
ㅇ,에어프라이어
ㅇ,에이스
ㅇ,에이전트
ㅇ,에이즈
ㅇ,에콰도르
ㅇ,에티오피아
ㅇ,에티켓
ㅇ,에피소드
ㅇ,여가
ㅇ,여간내기
ㅇ,여객
ㅇ,여객기
ㅇ,여객선
ㅇ,여건
ㅇ,여걸
ㅇ,여경
ㅇ,여고
ㅇ,여고생
ㅇ,여공
ㅇ,여과
ㅇ,여과기
ㅇ,여관
ㅇ,여관방
ㅇ,여관비
ㅇ,여교사
ㅇ,여군
ㅇ,여권
ㅇ,여기자
ㅇ,여기저기
ㅇ,여념
ㅇ,여닫이
ㅇ,여담
ㅇ,여당
ㅇ,여대
ㅇ,여대생
ㅇ,여덟째
ㅇ,여독
ㅇ,여동생
ㅇ,여드레
ㅇ,여드름
ㅇ,여럿
ㅇ,여력
ㅇ,여론
ㅇ,여류
ㅇ,여름
ㅇ,여름날
ㅇ,여름옷
ㅇ,여름철
ㅇ,여름휴가
ㅇ,여린말
ㅇ,여명
ㅇ,여물
ㅇ,여배우
ㅇ,여백
ㅇ,여벌
ㅇ,여부
ㅇ,여분
ㅇ,여비
ㅇ,여비서
ㅇ,여사
ㅇ,여사원
ㅇ,여사장
ㅇ,여상
ㅇ,여색
ㅇ,여생
ㅇ,여선생
ㅇ,여섯째
ㅇ,여성
ㅇ,여성계
ㅇ,여성미
ㅇ,여성복
ㅇ,여성적
ㅇ,여성지
ㅇ,여성학
ㅇ,여세
ㅇ,여승
ㅇ,여승무원
ㅇ,여식
ㅇ,여신
ㅇ,여신상
ㅇ,여아
ㅇ,여야
ㅇ,여염
ㅇ,여염집
ㅇ,여왕
ㅇ,여왕개미
ㅇ,여왕벌
ㅇ,여우
ㅇ,여우비
ㅇ,여운
ㅇ,여울
ㅇ,여유
ㅇ,여유분
ㅇ,여윳돈
ㅇ,여의사
ㅇ,여의주
ㅇ,여인
ㅇ,여인네
ㅇ,여인상
ㅇ,여인숙
ㅇ,여자
ㅇ,여자관계
ㅇ,여자아이
ㅇ,여장
ㅇ,예각
ㅇ,예감
ㅇ,예견
ㅇ,예고
ㅇ,예고편
ㅇ,예금
ㅇ,예금액
ㅇ,예금주
ㅇ,예년
ㅇ,예능
ㅇ,예능인
ㅇ,예단
ㅇ,예대
ㅇ,예매
ㅇ,예매권
ㅇ,예멘
ㅇ,예명
ㅇ,예문
ㅇ,예물
ㅇ,예방
ㅇ,예방법
ㅇ,예방책
ㅇ,예배
ㅇ,예배당
ㅇ,예법
ㅇ,예보
ㅇ,예복
ㅇ,예불
ㅇ,예비
ㅇ,예비군
ㅇ,예비역
ㅇ,예사
ㅇ,예사말
ㅇ,예사소리
ㅇ,예산
ㅇ,예산안
ㅇ,예삿일
ㅇ,예상
ㅇ,예선
ㅇ,예선전
ㅇ,예속
ㅇ,예수
ㅇ,예술
ㅇ,예술가
ㅇ,예술계
ㅇ,예술단
ㅇ,예술미
ㅇ,예술성
ㅇ,예술인
ㅇ,예술적
ㅇ,예술제
ㅇ,예술품
ㅇ,예습
ㅇ,예시
ㅇ,예식
ㅇ,예식장
ㅇ,예심
ㅇ,예약
ㅇ,예약금
ㅇ,예약석
ㅇ,예약자
ㅇ,예약제
ㅇ,예언
ㅇ,예언자
ㅇ,예열
ㅇ,예외
ㅇ,예외적
ㅇ,예우
ㅇ,예의
ㅇ,예의범절
ㅇ,예전
ㅇ,예절
ㅇ,예정
ㅇ,예정일
ㅇ,예정지
ㅇ,예증
ㅇ,예찬
ㅇ,예체능
ㅇ,예측
ㅇ,예치
ㅇ,예치금
ㅇ,예탁
ㅇ,예행
ㅇ,예화
ㅇ,오각형
ㅇ,오감
ㅇ,오거리
ㅇ,오경
ㅇ,오곡
ㅇ,오곡밥
ㅇ,오골계
ㅇ,오금
ㅇ,오기
ㅇ,오누이
ㅇ,오뉴월
ㅇ,오늘
ㅇ,오늘날
ㅇ,오늘내일
ㅇ,오답
ㅇ,오대양
ㅇ,오더
ㅇ,오뎅
ㅇ,오도
ㅇ,오독
ㅇ,오동
ㅇ,오동나무
ㅇ,오두막
ㅇ,오두막집
ㅇ,오두방정
ㅇ,오디
ㅇ,오디션
ㅇ,오디오
ㅇ,오똑이
ㅇ,오뚜기
ㅇ,오뚝이
ㅇ,오라버니
ㅇ,오라비
ㅇ,오락
ㅇ,오락물
ㅇ,오락성
ㅇ,오락실
ㅇ,오랑우탄
ㅇ,오랑캐
ㅇ,오래간만
ㅇ,오래달리기
ㅇ,오래전
ㅇ,오랜만
ㅇ,오랫동안
ㅇ,오렌지
ㅇ,오로라
ㅇ,오류
ㅇ,오르간
ㅇ,오르막
ㅇ,오르막길
ㅇ,오른발
ㅇ,오른손
ㅇ,오른손잡이
ㅇ,오른쪽
ㅇ,오른팔
ㅇ,오른편
ㅇ,오름세
ㅇ,오름차순
ㅇ,오름폭
ㅇ,오리
ㅇ,오리걸음
ㅇ,오리무중
ㅇ,오리발
ㅇ,오리엔테이션
ㅇ,오리지널
ㅇ,오리털
ㅇ,오막살이
ㅇ,오만
ㅇ,오만불손
ㅇ,오만상
ㅇ,오매불망
ㅇ,오명
ㅇ,오물
ㅇ,오므라이스
ㅇ,오믈렛
ㅇ,오미자
ㅇ,오발
ㅇ,오밤중
ㅇ,오방색
ㅇ,오보
ㅇ,오보에
ㅇ,오복
ㅇ,오븐
ㅇ,오빠
ㅇ,오산
ㅇ,오색
ㅇ,오선지
ㅇ,오세아니아
ㅇ,오솔길
ㅇ,오수
ㅇ,오스트레일리아
ㅇ,오스트리아
ㅇ,오심
ㅇ,오십견
ㅇ,오십보백보
ㅇ,오아시스
ㅇ,오역
ㅇ,와병
ㅇ,와사비
ㅇ,와신상담
ㅇ,와이셔츠
ㅇ,와이어
ㅇ,와이파이
ㅇ,와이퍼
ㅇ,와인
ㅇ,와전
ㅇ,와중
ㅇ,와해
ㅇ,왜간장
ㅇ,왜곡
ㅇ,왜란
ㅇ,왜색
ㅇ,왜소화
ㅇ,외가
ㅇ,외가댁
ㅇ,외각
ㅇ,외간
ㅇ,외갓집
ㅇ,외견상
ㅇ,외경
ㅇ,외계
ㅇ,외계인
ㅇ,외고
ㅇ,외고집
ㅇ,외골수
ㅇ,외곬
ㅇ,외과
ㅇ,외과의
ㅇ,외곽
ㅇ,외관
ㅇ,외관상
ㅇ,외교
ㅇ,외교관
ㅇ,외교권
ㅇ,외교적
ㅇ,외교전
ㅇ,외국
ㅇ,외국계
ㅇ,외국산
ㅇ,외국식
ㅇ,외국어
ㅇ,외국인
ㅇ,외국제
ㅇ,외근
ㅇ,외기러기
ㅇ,외길
ㅇ,외나무다리
ㅇ,외눈
ㅇ,외도
ㅇ,외동딸
ㅇ,외동아들
ㅇ,외등
ㅇ,외딴곳
ㅇ,외딴섬
ㅇ,외딴집
ㅇ,외딸
ㅇ,외래
ㅇ,외래문화
ㅇ,외래어
ㅇ,외래종
ㅇ,외로움
ㅇ,외마디
ㅇ,외면
ㅇ,외면적
ㅇ,외모
ㅇ,외무
ㅇ,외박
ㅇ,외벽
ㅇ,외부
ㅇ,외부인
ㅇ,외부적
ㅇ,외사촌
ㅇ,외삼촌
ㅇ,외상
ㅇ,외상값
ㅇ,외서
ㅇ,외선
ㅇ,외설
ㅇ,외세
ㅇ,외손녀
ㅇ,외손자
ㅇ,외손주
ㅇ,외숙
ㅇ,외숙모
ㅇ,외숙부
ㅇ,외식
ㅇ,외식비
ㅇ,외신
ㅇ,외아들
ㅇ,외야
ㅇ,외야수
ㅇ,외양
ㅇ,외양간
ㅇ,외연
ㅇ,외용약
ㅇ,외유내강
ㅇ,외음부
ㅇ,외인
ㅇ,외자
ㅇ,외장
ㅇ,외장재
ㅇ,외적
ㅇ,외제
ㅇ,외제품
ㅇ,외조
ㅇ,외조모
ㅇ,외조부
ㅇ,외조부모
ㅇ,외주
ㅇ,요가
ㅇ,요강
ㅇ,요거트
ㅇ,요건
ㅇ,요괴
ㅇ,요구
ㅇ,요구르트
ㅇ,요구서
ㅇ,요구자
ㅇ,요금
ㅇ,요금소
ㅇ,요금제
ㅇ,요금표
ㅇ,요기
ㅇ,요기조기
ㅇ,요다음
ㅇ,요담
ㅇ,요도
ㅇ,요동
ㅇ,요란
ㅇ,요람
ㅇ,요량
ㅇ,요령
ㅇ,요로
ㅇ,요르단
ㅇ,요리
ㅇ,요리법
ㅇ,요리사
ㅇ,요릿집
ㅇ,요만조만
ㅇ,요만치
ㅇ,요만큼
ㅇ,요맘때
ㅇ,요망
ㅇ,요모조모
ㅇ,요목
ㅇ,요물
ㅇ,요번
ㅇ,요법
ㅇ,요부
ㅇ,요사
ㅇ,요사이
ㅇ,요새
ㅇ,요새화
ㅇ,요샛말
ㅇ,요소
ㅇ,요소요소
ㅇ,요술
ㅇ,요시찰
ㅇ,요식
ㅇ,요식업
ㅇ,요약
ㅇ,요양
ㅇ,요양소
ㅇ,요양원
ㅇ,요염
ㅇ,요요
ㅇ,요원
ㅇ,요율
ㅇ,요의
ㅇ,요인
ㅇ,요일
ㅇ,요전번
ㅇ,요절
ㅇ,요점
ㅇ,요정
ㅇ,요조숙녀
ㅇ,요주의
ㅇ,요즈음
ㅇ,요즘
ㅇ,요지
ㅇ,요지경
ㅇ,요지부동
ㅇ,요직
ㅇ,요쯤
ㅇ,요철
ㅇ,요청
ㅇ,요청서
ㅇ,요체
ㅇ,요충
ㅇ,요충지
ㅇ,요통
ㅇ,요트
ㅇ,요행
ㅇ,요행수
ㅇ,우간다
ㅇ,우거지
ㅇ,우거지상
ㅇ,우거짓국
ㅇ,우격다짐
ㅇ,우경화
ㅇ,우국
ㅇ,우국지사
ㅇ,우국충정
ㅇ,우군
ㅇ,우기
ㅇ,우뇌
ㅇ,우대
ㅇ,우동
ㅇ,우두머리
ㅇ,우둔
ㅇ,우등
ㅇ,우등상
ㅇ,우등상장
ㅇ,우등생
ㅇ,우라늄
ㅇ,우량
ㅇ,우량아
ㅇ,우량주
ㅇ,우레
ㅇ,우려
ㅇ,우롱
ㅇ,우뢰
ㅇ,우루과이
ㅇ,우리
ㅇ,우리글
ㅇ,우리나라
ㅇ,우리말
ㅇ,우문
ㅇ,우문현답
ㅇ,우물
ㅇ,우물가
ㅇ,우민
ㅇ,우박
ㅇ,우발
ㅇ,우발적
ㅇ,우방
ㅇ,우방국
ㅇ,우범
ㅇ,우범자
ㅇ,우비
ㅇ,우산
ㅇ,우산국
ㅇ,우산대
ㅇ,우산살
ㅇ,우상
ㅇ,우상화
ㅇ,우선
ㅇ,우선권
ㅇ,우선순위
ㅇ,우선적
ㅇ,우성
ㅇ,우세
ㅇ,우송
ㅇ,우수
ㅇ,우수상
ㅇ,우수성
ㅇ,우스개
ㅇ,우스갯말
ㅇ,우스갯소리
ㅇ,우승
ㅇ,우승권
ㅇ,우승자
ㅇ,우승컵
ㅇ,우시장
ㅇ,우애
ㅇ,우엉
ㅇ,우여곡절
ㅇ,우연
ㅇ,우연성
ㅇ,우연적
ㅇ,우열
ㅇ,우완
ㅇ,우왕좌왕
ㅇ,우울
ㅇ,우울감
ㅇ,우울증
ㅇ,우월
ㅇ,우월감
ㅇ,우월성
ㅇ,우위
ㅇ,우유
ㅇ,우유병
ㅇ,우유부단
ㅇ,우윳빛
ㅇ,우의
ㅇ,우익
ㅇ,우정
ㅇ,워싱턴
ㅇ,워크숍
ㅇ,웨딩드레스
ㅇ,웨이터
ㅇ,위경련
ㅇ,위계
ㅇ,위계질서
ㅇ,위궤양
ㅇ,위급
ㅇ,위기
ㅇ,위기감
ㅇ,위기관리
ㅇ,위대성
ㅇ,위도
ㅇ,위락
ㅇ,위력
ㅇ,위령
ㅇ,위령제
ㅇ,위령탑
ㅇ,위로
ㅇ,위로금
ㅇ,위문
ㅇ,위문편지
ㅇ,위문품
ㅇ,위반
ㅇ,위반자
ㅇ,위배
ㅇ,위법
ㅇ,위법성
ㅇ,위법적
ㅇ,위산
ㅇ,위상
ㅇ,위생
ㅇ,위생법
ㅇ,위생병
ㅇ,위생복
ㅇ,위생적
ㅇ,위선
ㅇ,위선자
ㅇ,위선적
ㅇ,위성
ㅇ,위세
ㅇ,위스키
ㅇ,위신
ㅇ,위아래
ㅇ,위안
ㅇ,위안거리
ㅇ,위안부
ㅇ,위암
ㅇ,위압
ㅇ,위압감
ㅇ,위압적
ㅇ,위액
ㅇ,위약
ㅇ,위약금
ㅇ,위엄
ㅇ,위엄성
ㅇ,위업
ㅇ,위염
ㅇ,위용
ㅇ,위원
ㅇ,위원장
ㅇ,위원회
ㅇ,위인
ㅇ,위인전
ㅇ,위인전기
ㅇ,위임
ㅇ,위임장
ㅇ,위자료
ㅇ,위작
ㅇ,위장
ㅇ,위장병
ㅇ,위장염
ㅇ,위정
ㅇ,위정자
ㅇ,위조
ㅇ,위조죄
ㅇ,위조지폐
ㅇ,위주
ㅇ,위증
ㅇ,위증죄
ㅇ,위쪽
ㅇ,위채
ㅇ,위촉
ㅇ,위촉장
ㅇ,위축
ㅇ,위층
ㅇ,위치
ㅇ,위탁
ㅇ,위탁금
ㅇ,위통
ㅇ,위트
ㅇ,위패
ㅇ,위풍
ㅇ,위풍당당
ㅇ,유가
ㅇ,유가족
ㅇ,유감
ㅇ,유개념
ㅇ,유격
ㅇ,유격대
ㅇ,유격대원
ㅇ,유격수
ㅇ,유경험자
ㅇ,유고
ㅇ,유곡
ㅇ,유골
ㅇ,유공자
ㅇ,유과
ㅇ,유곽
ㅇ,유관
ㅇ,유괴
ㅇ,유괴범
ㅇ,유교
ㅇ,유교적
ㅇ,유구무언
ㅇ,유권자
ㅇ,유급
ㅇ,유기
ㅇ,유기견
ㅇ,유기농
ㅇ,유기물
ㅇ,유기적
ㅇ,유기체
ㅇ,유난
ㅇ,유네스코
ㅇ,유년
ㅇ,유년기
ㅇ,유니버시아드
ㅇ,유니콘
ㅇ,유니폼
ㅇ,유단자
ㅇ,유대
ㅇ,유대감
ㅇ,유대교
ㅇ,유대인
ㅇ,유도
ㅇ,유독
ㅇ,유독성
ㅇ,유동
ㅇ,유동성
ㅇ,유동식
ㅇ,유동적
ㅇ,유두
ㅇ,유라시아
ㅇ,유람
ㅇ,유람객
ㅇ,유람선
ㅇ,유랑
ㅇ,유랑민
ㅇ,유래
ㅇ,유래담
ㅇ,유럽
ㅇ,유력
ㅇ,유력자
ㅇ,유령
ㅇ,유례
ㅇ,유로
ㅇ,유료
ㅇ,유류
ㅇ,유리
ㅇ,유리그릇
ㅇ,유리문
ㅇ,유리병
ㅇ,유리수
ㅇ,유리잔
ㅇ,유리창
ㅇ,유리컵
ㅇ,유린
ㅇ,유림
ㅇ,유망
ㅇ,유망주
ㅇ,유머
ㅇ,유명
ㅇ,유명무실
ㅇ,유명세
ㅇ,유명인
ㅇ,유모
ㅇ,유모차
ㅇ,유목
ㅇ,유목민
ㅇ,유무
ㅇ,유물
ㅇ,유발
ㅇ,유방
ㅇ,유방암
ㅇ,유배
ㅇ,유배지
ㅇ,으뜸
ㅇ,으뜸음
ㅇ,으름장
ㅇ,으스름
ㅇ,의거
ㅇ,의견
ㅇ,의견서
ㅇ,의결
ㅇ,의경
ㅇ,의과
ㅇ,의관
ㅇ,의구심
ㅇ,의기
ㅇ,의기소침
ㅇ,의기양양
ㅇ,의기투합
ㅇ,의논
ㅇ,의대
ㅇ,의도
ㅇ,의도적
ㅇ,의례
ㅇ,의례적
ㅇ,의론
ㅇ,의뢰
ㅇ,의뢰인
ㅇ,의료
ㅇ,의료계
ㅇ,의료기
ㅇ,의료비
ㅇ,의료원
ㅇ,의료인
ㅇ,의료진
ㅇ,의류
ㅇ,의리
ㅇ,의무
ㅇ,의무감
ㅇ,의무실
ㅇ,의무적
ㅇ,의무화
ㅇ,의문
ㅇ,의문문
ㅇ,의문부호
ㅇ,의문사
ㅇ,의문점
ㅇ,의문형
ㅇ,의뭉
ㅇ,의미
ㅇ,의미론
ㅇ,의병
ㅇ,의복
ㅇ,의부증
ㅇ,의분
ㅇ,의붓아버지
ㅇ,의붓어머니
ㅇ,의붓자식
ㅇ,의사
ㅇ,의사당
ㅇ,의사록
ㅇ,의사소통
ㅇ,의상
ㅇ,의생활
ㅇ,의석
ㅇ,의석수
ㅇ,의성어
ㅇ,의술
ㅇ,의식
ㅇ,의식적
ㅇ,의식주
ㅇ,의식화
ㅇ,의심
ㅇ,의아
ㅇ,의아심
ㅇ,의안
ㅇ,의약품
ㅇ,의역
ㅇ,의연금
ㅇ,의예과
ㅇ,의외
ㅇ,의욕
ㅇ,의욕적
ㅇ,의용군
ㅇ,의원
ㅇ,의의
ㅇ,의인
ㅇ,의인화
ㅇ,의자
ㅇ,의장
ㅇ,의장국
ㅇ,의장단
ㅇ,의장대
ㅇ,의적
ㅇ,의절
ㅇ,의족
ㅇ,의존
ㅇ,의존도
ㅇ,의존성
ㅇ,의존심
ㅇ,이간
ㅇ,이간질
ㅇ,이감
ㅇ,이것저것
ㅇ,이견
ㅇ,이경
ㅇ,이골
ㅇ,이곳저곳
ㅇ,이공
ㅇ,이과
ㅇ,이관
ㅇ,이교도
ㅇ,이구동성
ㅇ,이구아나
ㅇ,이국
ㅇ,이국땅
ㅇ,이국적
ㅇ,이국정취
ㅇ,이권
ㅇ,이기
ㅇ,이기심
ㅇ,이기적
ㅇ,이기주의
ㅇ,이기주의적
ㅇ,이끼
ㅇ,이날
ㅇ,이남
ㅇ,이내
ㅇ,이념
ㅇ,이념적
ㅇ,이농
ㅇ,이농민
ㅇ,이니셜
ㅇ,이닝
ㅇ,이다음
ㅇ,이단
ㅇ,이단자
ㅇ,이단적
ㅇ,이달
ㅇ,이담
ㅇ,이데아
ㅇ,이데올로기
ㅇ,이데올로기적
ㅇ,이동
ㅇ,이동도서관
ㅇ,이동식
ㅇ,이두
ㅇ,이득
ㅇ,이듬해
ㅇ,이등
ㅇ,이등병
ㅇ,이등분
ㅇ,이때
ㅇ,이라크
ㅇ,이란
ㅇ,이랑
ㅇ,이레
ㅇ,이력
ㅇ,이력서
ㅇ,이례
ㅇ,이례적
ㅇ,이론
ㅇ,이론가
ㅇ,이론적
ㅇ,이론화
ㅇ,이루
ㅇ,이류
ㅇ,이륙
ㅇ,이륜차
ㅇ,이름
ㅇ,이름값
ㅇ,이름표
ㅇ,이리
ㅇ,이마
ㅇ,이마빡
ㅇ,이만저만
ㅇ,이만치
ㅇ,이만큼
ㅇ,이맘때
ㅇ,이맛살
ㅇ,이메일
ㅇ,이면
ㅇ,이면지
ㅇ,이명
ㅇ,이모
ㅇ,이모부
ㅇ,이모작
ㅇ,이모저모
ㅇ,이모티콘
ㅇ,이목
ㅇ,이목구비
ㅇ,이몽룡
ㅇ,이무기
ㅇ,이문
ㅇ,이물
ㅇ,이물감
ㅈ,자가
ㅈ,자가당착
ㅈ,자가용
ㅈ,자가운전
ㅈ,자각
ㅈ,자갈
ㅈ,자갈길
ㅈ,자갈돌
ㅈ,자개
ㅈ,자객
ㅈ,자격
ㅈ,자격증
ㅈ,자격지심
ㅈ,자결
ㅈ,자괴감
ㅈ,자구
ㅈ,자구책
ㅈ,자국
ㅈ,자국민
ㅈ,자국어
ㅈ,자궁
ㅈ,자극
ㅈ,자극성
ㅈ,자극적
ㅈ,자극제
ㅈ,자금
ㅈ,자금난
ㅈ,자금력
ㅈ,자급
ㅈ,자급자족
ㅈ,자긍
ㅈ,자긍심
ㅈ,자기
ㅈ,자기기만
ㅈ,자기도취
ㅈ,자기만족
ㅈ,자기모순
ㅈ,자기소개
ㅈ,자기소개서
ㅈ,자기애
ㅈ,자기중심
ㅈ,자기중심적
ㅈ,자꾸
ㅈ,자녀
ㅈ,자당
ㅈ,자동
ㅈ,자동문
ㅈ,자동사
ㅈ,자동적
ㅈ,자동차
ㅈ,자동판매기
ㅈ,자동화
ㅈ,자두
ㅈ,자라
ㅈ,자락
ㅈ,자랑
ㅈ,자랑거리
ㅈ,자력
ㅈ,자료
ㅈ,자료실
ㅈ,자료집
ㅈ,자루
ㅈ,자리
ㅈ,자리매김
ㅈ,자리보전
ㅈ,자린고비
ㅈ,자립
ㅈ,자립성
ㅈ,자립심
ㅈ,자립적
ㅈ,자릿수
ㅈ,자막
ㅈ,자만
ㅈ,자만심
ㅈ,자매
ㅈ,자맥질
ㅈ,자메이카
ㅈ,자멸
ㅈ,자명종
ㅈ,자모
ㅈ,자모회
ㅈ,자몽
ㅈ,자문
ㅈ,자문자답
ㅈ,자물쇠
ㅈ,자반
ㅈ,자발성
ㅈ,자발적
ㅈ,자백
ㅈ,자본
ㅈ,자본가
ㅈ,자본금
ㅈ,자본재
ㅈ,재가
ㅈ,재간
ㅈ,재간꾼
ㅈ,재갈
ㅈ,재개
ㅈ,재개발
ㅈ,재건
ㅈ,재건축
ㅈ,재검사
ㅈ,재검토
ㅈ,재결합
ㅈ,재경
ㅈ,재계
ㅈ,재계약
ㅈ,재고
ㅈ,재고량
ㅈ,재고품
ㅈ,재교육
ㅈ,재구성
ㅈ,재기
ㅈ,재난
ㅈ,재능
ㅈ,재단
ㅈ,재담
ㅈ,재동
ㅈ,재등록
ㅈ,재떨이
ㅈ,재래
ㅈ,재래시장
ㅈ,재래식
ㅈ,재래종
ㅈ,재량
ㅈ,재량권
ㅈ,재력
ㅈ,재력가
ㅈ,재론
ㅈ,재롱
ㅈ,재료
ㅈ,재료비
ㅈ,재림
ㅈ,재목
ㅈ,재무
ㅈ,재물
ㅈ,재미
ㅈ,재발
ㅈ,재발견
ㅈ,재방문
ㅈ,재방송
ㅈ,재배
ㅈ,재배지
ㅈ,재배치
ㅈ,재벌
ㅈ,재벌가
ㅈ,재범
ㅈ,재복
ㅈ,재봉
ㅈ,재봉사
ㅈ,재봉틀
ㅈ,재분류
ㅈ,재분배
ㅈ,재산
ㅈ,재산가
ㅈ,재산권
ㅈ,재산세
ㅈ,재색
ㅈ,재생
ㅈ,재생산
ㅈ,재석
ㅈ,재선
ㅈ,재선거
ㅈ,재소자
ㅈ,재수
ㅈ,재수강
ㅈ,재수사
ㅈ,재수생
ㅈ,재시험
ㅈ,재심
ㅈ,재심사
ㅈ,재앙
ㅈ,재야
ㅈ,재야인사
ㅈ,재연
ㅈ,재외
ㅈ,재원
ㅈ,재위
ㅈ,재인식
ㅈ,재일
ㅈ,재임
ㅈ,재임용
ㅈ,재입국
ㅈ,저가
ㅈ,저감
ㅈ,저개발
ㅈ,저개발국
ㅈ,저격
ㅈ,저격범
ㅈ,저고리
ㅈ,저공
ㅈ,저금
ㅈ,저금리
ㅈ,저금통
ㅈ,저급
ㅈ,저기압
ㅈ,저널리스트
ㅈ,저널리즘
ㅈ,저녁
ㅈ,저녁거리
ㅈ,저녁나절
ㅈ,저녁녘
ㅈ,저녁노을
ㅈ,저녁때
ㅈ,저녁밥
ㅈ,저녁상
ㅈ,저능아
ㅈ,저당
ㅈ,저당권
ㅈ,저돌적
ㅈ,저력
ㅈ,저리
ㅈ,저마다
ㅈ,저만치
ㅈ,저만큼
ㅈ,저맘때
ㅈ,저명
ㅈ,저명인사
ㅈ,저물녘
ㅈ,저번
ㅈ,저변
ㅈ,저서
ㅈ,저성장
ㅈ,저세상
ㅈ,저소득
ㅈ,저소득층
ㅈ,저속
ㅈ,저수
ㅈ,저수지
ㅈ,저술
ㅈ,저술가
ㅈ,저승
ㅈ,저승길
ㅈ,저승사자
ㅈ,저온
ㅈ,저울
ㅈ,저울질
ㅈ,저음
ㅈ,저의
ㅈ,저임금
ㅈ,저자
ㅈ,저자세
ㅈ,저작
ㅈ,저작권
ㅈ,저작물
ㅈ,저작자
ㅈ,저장
ㅈ,저장고
ㅈ,저조
ㅈ,저주
ㅈ,저주파
ㅈ,저지
ㅈ,저지대
ㅈ,저지방
ㅈ,저지선
ㅈ,저질
ㅈ,저쯤
ㅈ,저촉
ㅈ,저축
ㅈ,저축률
ㅈ,저출산
ㅈ,저층
ㅈ,저칼로리
ㅈ,저탄소
ㅈ,저택
ㅈ,저평가
ㅈ,저하
ㅈ,저학년
ㅈ,저학력
ㅈ,저항
ㅈ,저항력
ㅈ,저해
ㅈ,저혈압
ㅈ,제각각
ㅈ,제각기
ㅈ,제값
ㅈ,제강
ㅈ,제거
ㅈ,제격
ㅈ,제고
ㅈ,제곱
ㅈ,제곱근
ㅈ,제공
ㅈ,제과
ㅈ,제과업
ㅈ,제과점
ㅈ,제구
ㅈ,제구실
ㅈ,제국
ㅈ,제국주의
ㅈ,제기
ㅈ,제기차기
ㅈ,제날짜
ㅈ,제단
ㅈ,제대
ㅈ,제도
ㅈ,제도권
ㅈ,제도적
ㅈ,제도화
ㅈ,제독
ㅈ,제동
ㅈ,제때
ㅈ,제련소
ㅈ,제례
ㅈ,제로
ㅈ,제막식
ㅈ,제맛
ㅈ,제멋
ㅈ,제명
ㅈ,제모
ㅈ,제목
ㅈ,제물
ㅈ,제반
ㅈ,제반사
ㅈ,제방
ㅈ,제보
ㅈ,제보자
ㅈ,제복
ㅈ,제본
ㅈ,제부
ㅈ,제분소
ㅈ,제비
ㅈ,제비꽃
ㅈ,제비뽑기
ㅈ,제비족
ㅈ,제빵
ㅈ,제사
ㅈ,제사상
ㅈ,제삼자
ㅈ,제삿날
ㅈ,제삿밥
ㅈ,제상
ㅈ,제설
ㅈ,제설기
ㅈ,제소
ㅈ,제수
ㅈ,제스처
ㅈ,제습
ㅈ,제습기
ㅈ,제시
ㅈ,제시간
ㅈ,제안
ㅈ,제안서
ㅈ,제안자
ㅈ,제압
ㅈ,제야
ㅈ,제약
ㅈ,제어
ㅈ,제언
ㅈ,제왕
ㅈ,제외
ㅈ,제육볶음
ㅈ,제의
ㅈ,제일
ㅈ,제일선
ㅈ,제일주의
ㅈ,제자
ㅈ,제자리
ㅈ,제자리걸음
ㅈ,제자리표
ㅈ,제작
ㅈ,제작도
ㅈ,제작물
ㅈ,제작비
ㅈ,제작사
ㅈ,조가
ㅈ,조가비
ㅈ,조각
ㅈ,조각가
ㅈ,조각구름
ㅈ,조각달
ㅈ,조각도
ㅈ,조각돌
ㅈ,조각배
ㅈ,조각보
ㅈ,조각상
ㅈ,조각조각
ㅈ,조각칼
ㅈ,조각품
ㅈ,조간
ㅈ,조간신문
ㅈ,조간지
ㅈ,조감도
ㅈ,조감독
ㅈ,조강지처
ㅈ,조개
ㅈ,조개껍데기
ㅈ,조개껍질
ㅈ,조개탄
ㅈ,조객
ㅈ,조건
ㅈ,조건부
ㅈ,조경
ㅈ,조교
ㅈ,조교수
ㅈ,조국
ㅈ,조국애
ㅈ,조금
ㅈ,조급증
ㅈ,조기
ㅈ,조깅
ㅈ,조끼
ㅈ,조난
ㅈ,조난자
ㅈ,조달
ㅈ,조달청
ㅈ,조도
ㅈ,조동사
ㅈ,조락
ㅈ,조랑말
ㅈ,조력
ㅈ,조력자
ㅈ,조련
ㅈ,조련사
ㅈ,조령모개
ㅈ,조례
ㅈ,조로
ㅈ,조롱
ㅈ,조롱박
ㅈ,조루
ㅈ,조루증
ㅈ,조류
ㅈ,조리
ㅈ,조리개
ㅈ,조리대
ㅈ,조리법
ㅈ,조리사
ㅈ,조리실
ㅈ,조리용
ㅈ,조림
ㅈ,조립
ㅈ,조립식
ㅈ,조립품
ㅈ,조막
ㅈ,조만치
ㅈ,조만큼
ㅈ,조맘때
ㅈ,조망
ㅈ,조망권
ㅈ,조명
ㅈ,조명등
ㅈ,조모
ㅈ,조목
ㅈ,조목조목
ㅈ,조무래기
ㅈ,조문
ㅈ,조문객
ㅈ,조물주
ㅈ,조미료
ㅈ,조바심
ㅈ,좌경
ㅈ,좌경화
ㅈ,좌뇌
ㅈ,좌담
ㅈ,좌담회
ㅈ,좌불안석
ㅈ,좌석
ㅈ,좌선
ㅈ,좌시
ㅈ,좌식
ㅈ,좌약
ㅈ,좌완
ㅈ,좌욕
ㅈ,좌우
ㅈ,좌우간
ㅈ,좌우명
ㅈ,좌우익
ㅈ,좌우지간
ㅈ,좌익
ㅈ,좌익수
ㅈ,좌절
ㅈ,좌절감
ㅈ,좌정
ㅈ,좌중
ㅈ,좌지우지
ㅈ,좌천
ㅈ,좌초
ㅈ,좌충우돌
ㅈ,좌측
ㅈ,좌측통행
ㅈ,좌파
ㅈ,좌편
ㅈ,좌표
ㅈ,좌회전
ㅈ,죄과
ㅈ,죄명
ㅈ,죄목
ㅈ,죄상
ㅈ,죄수
ㅈ,죄수복
ㅈ,죄악
ㅈ,죄악감
ㅈ,죄악시
ㅈ,죄의식
ㅈ,죄인
ㅈ,죄질
ㅈ,죄책감
ㅈ,주가
ㅈ,주간
ㅈ,주간지
ㅈ,주객
ㅈ,주거
ㅈ,주거비
ㅈ,주거용
ㅈ,주거지
ㅈ,주걱
ㅈ,주걱턱
ㅈ,주검
ㅈ,주격
ㅈ,주경야독
ㅈ,주관
ㅈ,주관성
ㅈ,주관식
ㅈ,주관자
ㅈ,주관적
ㅈ,주구
ㅈ,주군
ㅈ,주권
ㅈ,주권자
ㅈ,주근깨
ㅈ,주급
ㅈ,주기
ㅈ,주기도문
ㅈ,주기성
ㅈ,주기적
ㅈ,주눅
ㅈ,주님
ㅈ,주당
ㅈ,주도
ㅈ,주도권
ㅈ,주도적
ㅈ,주동
ㅈ,주동자
ㅈ,주둔
ㅈ,주둔군
ㅈ,주둥아리
ㅈ,주둥이
ㅈ,주량
ㅈ,주력
ㅈ,주례
ㅈ,주례사
ㅈ,주례자
ㅈ,주류
ㅈ,주름
ㅈ,주름살
ㅈ,주름치마
ㅈ,주름투성이
ㅈ,주리
ㅈ,주마간산
ㅈ,주마등
ㅈ,주막
ㅈ,주말
ㅈ,주말여행
ㅈ,주머니
ㅈ,주머닛돈
ㅈ,주먹
ㅈ,주먹구구
ㅈ,주먹구구식
ㅈ,주먹다짐
ㅈ,주먹밥
ㅈ,주먹질
ㅈ,주먹코
ㅈ,주목
ㅈ,주목적
ㅈ,주몽
ㅈ,주무
ㅈ,주문
ㅈ,주문서
ㅈ,주문제
ㅈ,주미
ㅈ,주민
ㅈ,주민세
ㅈ,주발
ㅈ,주방
ㅈ,주방장
ㅈ,주번
ㅈ,주범
ㅈ,주벽
ㅈ,주변
ㅈ,주변국
ㅈ,주변머리
ㅈ,주변인
ㅈ,주봉
ㅈ,주부
ㅈ,주빈
ㅈ,주사
ㅈ,쥐구멍
ㅈ,쥐꼬리
ㅈ,쥐덫
ㅈ,쥐띠
ㅈ,쥐불놀이
ㅈ,쥐뿔
ㅈ,쥐새끼
ㅈ,쥐색
ㅈ,쥐약
ㅈ,쥐치
ㅈ,쥐포
ㅈ,지가
ㅈ,지각
ㅈ,지각생
ㅈ,지갑
ㅈ,지게
ㅈ,지게차
ㅈ,지경
ㅈ,지고
ㅈ,지관
ㅈ,지구
ㅈ,지구력
ㅈ,지구본
ㅈ,지구의
ㅈ,지구인
ㅈ,지구적
ㅈ,지구촌
ㅈ,지국
ㅈ,지그재그
ㅈ,지근거리
ㅈ,지금
ㅈ,지급
ㅈ,지급기
ㅈ,지급액
ㅈ,지난날
ㅈ,지난달
ㅈ,지난밤
ㅈ,지난번
ㅈ,지난주
ㅈ,지난해
ㅈ,지남철
ㅈ,지느러미
ㅈ,지능
ㅈ,지능적
ㅈ,지능화
ㅈ,지단
ㅈ,지대
ㅈ,지덕체
ㅈ,지도
ㅈ,지도급
ㅈ,지도력
ㅈ,지도부
ㅈ,지도자
ㅈ,지도책
ㅈ,지도층
ㅈ,지동설
ㅈ,지라
ㅈ,지랄
ㅈ,지랄병
ㅈ,지략
ㅈ,지렁이
ㅈ,지레짐작
ㅈ,지렛대
ㅈ,지령
ㅈ,지로
ㅈ,지론
ㅈ,지뢰
ㅈ,지뢰밭
ㅈ,지류
ㅈ,지름
ㅈ,지름길
ㅈ,지리
ㅈ,지리멸렬
ㅈ,지리부도
ㅈ,지리산
ㅈ,지리적
ㅈ,지리학
ㅈ,지린내
ㅈ,지망
ㅈ,지망생
ㅈ,지망자
ㅈ,지면
ㅈ,지명
ㅈ,지명도
ㅈ,지모
ㅈ,지목
ㅈ,지문
ㅈ,지물포
ㅈ,지반
ㅈ,지방
ㅈ,지방산
ㅈ,지방세
ㅈ,지방질
ㅈ,지배
ㅈ,지배력
ㅈ,지배인
ㅈ,지배자
ㅈ,지배적
ㅈ,지배층
ㅈ,지병
ㅈ,지부
ㅈ,지부장
ㅊ,차고
ㅊ,차고지
ㅊ,차관
ㅊ,차광
ㅊ,차기
ㅊ,차남
ㅊ,차녀
ㅊ,차단
ㅊ,차단기
ㅊ,차단제
ㅊ,차도
ㅊ,차돌
ㅊ,차돌박이
ㅊ,차등
ㅊ,차량
ㅊ,차량용
ㅊ,차렷
ㅊ,차례
ㅊ,차로
ㅊ,차림
ㅊ,차림새
ㅊ,차림표
ㅊ,차명
ㅊ,차반
ㅊ,차별
ㅊ,차별성
ㅊ,차별적
ㅊ,차별화
ㅊ,차비
ㅊ,차선
ㅊ,차선책
ㅊ,차세대
ㅊ,차시
ㅊ,차압
ㅊ,차액
ㅊ,차양
ㅊ,차용
ㅊ,차용어
ㅊ,차용증
ㅊ,차원
ㅊ,차이
ㅊ,차이점
ㅊ,차익
ㅊ,차일
ㅊ,차입
ㅊ,차입금
ㅊ,차장
ㅊ,차전놀이
ㅊ,차점자
ㅊ,차제
ㅊ,차종
ㅊ,차주
ㅊ,차지
ㅊ,차질
ㅊ,차창
ㅊ,차체
ㅊ,차출
ㅊ,차트
ㅊ,차편
ㅊ,차표
ㅊ,차후
ㅊ,채광
ㅊ,채굴
ㅊ,채권
ㅊ,채권단
ㅊ,채권자
ㅊ,채근
ㅊ,채널
ㅊ,채도
ㅊ,채록
ㅊ,채무
ㅊ,채무자
ㅊ,채반
ㅊ,채비
ㅊ,채색
ㅊ,채색화
ㅊ,채석
ㅊ,채석장
ㅊ,채소
ㅊ,채소밭
ㅊ,채송화
ㅊ,채식
ㅊ,채식주의
ㅊ,채식주의자
ㅊ,채신
ㅊ,채신머리
ㅊ,채용
ㅊ,채점
ㅊ,채집
ㅊ,채찍
ㅊ,채찍질
ㅊ,채취
ㅊ,채칼
ㅊ,채택
ㅊ,채팅
ㅊ,채플
ㅊ,처가
ㅊ,처가살이
ㅊ,처갓집
ㅊ,처남
ㅊ,처남댁
ㅊ,처녀
ㅊ,처녀성
ㅊ,처녀작
ㅊ,처단
ㅊ,처리
ㅊ,처리장
ㅊ,처마
ㅊ,처방
ㅊ,처방전
ㅊ,처벌
ㅊ,처분
ㅊ,처사
ㅊ,처서
ㅊ,처세
ㅊ,처세술
ㅊ,처소
ㅊ,처신
ㅊ,처우
ㅊ,처음
ㅊ,처자
ㅊ,처자식
ㅊ,처장
ㅊ,처제
ㅊ,처조카
ㅊ,처지
ㅊ,처첩
ㅊ,처치
ㅊ,처형
ㅊ,체감
ㅊ,체개
ㅊ,체격
ㅊ,체결
ㅊ,체계
ㅊ,체계성
ㅊ,체계적
ㅊ,체계화
ㅊ,체구
ㅊ,체급
ㅊ,체납
ㅊ,체납자
ㅊ,체내
ㅊ,체념
ㅊ,체득
ㅊ,체력
ㅊ,체력장
ㅊ,체력적
ㅊ,체류
ㅊ,체류자
ㅊ,체면
ㅊ,체면치레
ㅊ,체모
ㅊ,체벌
ㅊ,체불
ㅊ,체세포
ㅊ,체스
ㅊ,체액
ㅊ,체언
ㅊ,체열
ㅊ,체온
ㅊ,체온계
ㅊ,체온기
ㅊ,체외
ㅊ,체위
ㅊ,체육
ㅊ,체육계
ㅊ,체육관
ㅊ,체육복
ㅊ,체인
ㅊ,체인점
ㅊ,체재
ㅊ,체제
ㅊ,체조
ㅊ,체중
ㅊ,체중계
ㅊ,체증
ㅊ,체지방
ㅊ,체질
ㅊ,체취
ㅊ,체코
ㅊ,체코어
ㅊ,체크
ㅊ,체크무늬
ㅊ,체크아웃
ㅊ,체크인
ㅊ,체통
ㅊ,체포
ㅊ,체험
ㅊ,체험관
ㅊ,체험단
ㅊ,체험담
ㅊ,체형
ㅊ,초가
ㅊ,초가삼간
ㅊ,초가을
ㅊ,초가집
ㅊ,초간장
ㅊ,초겨울
ㅊ,초경
ㅊ,초고
ㅊ,초고속
ㅊ,초고추장
ㅊ,초고층
ㅊ,초과
ㅊ,초과분
ㅊ,초과액
ㅊ,초급
ㅊ,초급반
ㅊ,초기
ㅊ,초긴장
ㅊ,초년
ㅊ,초년병
ㅊ,초년생
ㅊ,초능력
ㅊ,초대
ㅊ,초대권
ㅊ,초대석
ㅊ,초대장
ㅊ,초대형
ㅊ,초동
ㅊ,초두
ㅊ,초등
ㅊ,초등생
ㅊ,초등학교
ㅊ,초등학생
ㅊ,초래
ㅊ,초례
ㅊ,초례상
ㅊ,초례청
ㅊ,초로
ㅊ,초록
ㅊ,초록색
ㅊ,초롱
ㅊ,초롱불
ㅊ,초막
ㅊ,초만원
ㅊ,초면
ㅊ,초목
ㅊ,초무침
ㅊ,초미
ㅊ,초반
ㅊ,초밥
ㅊ,초벌
ㅊ,초벌구이
ㅊ,초범
ㅊ,초병
ㅊ,초보
ㅊ,초보자
ㅊ,초복
ㅊ,초본
ㅊ,초봄
ㅊ,초비상
ㅊ,초빙
ㅊ,초사흘
ㅊ,초산
ㅊ,초상
ㅊ,초상권
ㅊ,초상집
ㅊ,초상화
ㅊ,초생달
ㅊ,초서
ㅊ,초석
ㅊ,초선
ㅊ,초성
ㅊ,초소
ㅊ,초소형
ㅊ,초속
ㅊ,초순
ㅊ,초스피드
ㅊ,초승달
ㅊ,초시계
ㅊ,초식
ㅊ,초식성
ㅊ,초심
ㅊ,초심자
ㅊ,초안
ㅊ,초야
ㅊ,초여름
ㅊ,초연
ㅊ,초엽
ㅊ,초원
ㅊ,초월
ㅊ,초월적
ㅊ,초유
ㅊ,최강
ㅊ,최고
ㅊ,최고가
ㅊ,최고급
ㅊ,최고도
ㅊ,최고령
ㅊ,최고봉
ㅊ,최고액
ㅊ,최고위
ㅊ,최고점
ㅊ,최고조
ㅊ,최고치
ㅊ,최근
ㅊ,최남단
ㅊ,최다
ㅊ,최단
ㅊ,최대
ㅊ,최대치
ㅊ,최대한
ㅊ,최대한도
ㅊ,최대화
ㅊ,최댓값
ㅊ,최루탄
ㅊ,최면
ㅊ,최면술
ㅊ,최북단
ㅊ,최상
ㅊ,최상급
ㅊ,최상위
ㅊ,최상층
ㅊ,최상품
ㅊ,최선
ㅊ,최선책
ㅊ,최소
ㅊ,최소치
ㅊ,최소한
ㅊ,최소한도
ㅊ,최소화
ㅊ,최솟값
ㅊ,최신
ㅊ,최신식
ㅊ,최신작
ㅊ,최신형
ㅊ,최악
ㅊ,최애
ㅊ,최연소
ㅊ,최우선
ㅊ,최우수
ㅊ,최장
ㅊ,최저
ㅊ,최저가
ㅊ,최저치
ㅊ,최적
ㅊ,최전방
ㅊ,최전선
ㅊ,최종
ㅊ,최종심
ㅊ,최종일
ㅊ,최종적
ㅊ,최첨단
ㅊ,최초
ㅊ,최하
ㅊ,최하급
ㅊ,최하위
ㅊ,최하위권
ㅊ,최하층
ㅊ,최후
ㅊ,최후통첩
ㅊ,추가
ㅊ,추가분
ㅊ,추가적
ㅊ,추격
ㅊ,추격전
ㅊ,추계
ㅊ,추곡
ㅊ,추구
ㅊ,추궁
ㅊ,추기경
ㅊ,추남
ㅊ,추녀
ㅊ,추념
ㅊ,추대
ㅊ,추도
ㅊ,추도사
ㅊ,추도식
ㅊ,추도회
ㅊ,추돌
ㅊ,추락
ㅊ,추렴
ㅊ,추론
ㅊ,추리
ㅊ,추리력
ㅊ,추모
ㅊ,추모객
ㅊ,추모비
ㅊ,추모식
ㅊ,추모제
ㅊ,추문
ㅊ,추방
ㅊ,추분
ㅊ,추산
ㅊ,추상
ㅊ,추상성
ㅊ,추상적
ㅊ,추상화
ㅊ,추석
ㅊ,추석날
ㅊ,추석빔
ㅊ,추세
ㅊ,추수
ㅊ,추수감사절
ㅊ,추수기
ㅊ,추신
ㅊ,추악
ㅊ,추앙
ㅊ,추어탕
ㅊ,추억
ㅊ,추억담
ㅊ,추월
ㅊ,추위
ㅊ,추이
ㅊ,추임새
ㅊ,추장
ㅊ,추적
ㅊ,추정
ㅊ,추종
ㅊ,추종자
ㅊ,추진
ㅊ,추진력
ㅊ,추징
ㅊ,추징금
ㅊ,추천
ㅊ,추천서
ㅊ,추천장
ㅊ,추첨
ㅊ,추첨제
ㅊ,추출
ㅊ,추출물
ㅊ,추측
ㅊ,추태
ㅊ,추파
ㅊ,추풍낙엽
ㅊ,추풍령
ㅊ,추행
ㅊ,추호
ㅊ,추후
ㅊ,췌장
ㅊ,췌장염
ㅊ,취객
ㅊ,취급
ㅊ,취기
ㅊ,취나물
ㅊ,취득
ㅊ,취득세
ㅊ,취락
ㅊ,취미
ㅊ,취사
ㅊ,취사병
ㅊ,취사선택
ㅊ,취사장
ㅊ,취소
ㅊ,취약
ㅊ,취약성
ㅊ,취약점
ㅊ,취업
ㅊ,취업난
ㅊ,취업률
ㅊ,취업자
ㅊ,취임
ㅊ,취임사
ㅊ,취임식
ㅊ,취재
ㅊ,취재원
ㅊ,취재진
ㅊ,취조
ㅊ,취조관
ㅊ,취조실
ㅊ,취준생
ㅊ,취중
ㅊ,취지
ㅊ,취직
ㅊ,취직난
ㅊ,취직자리
ㅊ,취침
ㅊ,취하
ㅊ,취학
ㅊ,취한
ㅊ,취항
ㅊ,취향
ㅊ,취흥
ㅊ,치골
ㅊ,치과
ㅊ,치기
ㅊ,치기배
ㅊ,치다꺼리
ㅊ,치료
ㅊ,치료법
ㅊ,치료비
ㅊ,치료실
ㅊ,치료제
ㅊ,치루
ㅊ,치마
ㅊ,치마꼬리
ㅊ,치마바지
ㅊ,치마저고리
ㅊ,치마폭
ㅊ,치맛바람
ㅊ,치맛자락
ㅊ,치매
ㅊ,치맥
ㅊ,치명상
ㅊ,치명적
ㅊ,치명타
ㅊ,치부
ㅊ,치부책
ㅊ,치사
ㅊ,치사랑
ㅊ,치사량
ㅊ,치사율
ㅊ,치석
ㅊ,치수
ㅊ,치실
ㅊ,치아
ㅊ,치안
ㅊ,치약
ㅊ,치어
ㅊ,치어리더
ㅊ,치열
ㅊ,치욕
ㅊ,치욕감
ㅊ,치욕적
ㅊ,치유
ㅊ,치읓
ㅊ,치장
ㅊ,치적
ㅊ,치정
ㅊ,치중
ㅊ,치즈
ㅊ,치질
ㅊ,치킨
ㅊ,치타
ㅊ,치통
ㅊ,치하
ㅊ,치한
ㅊ,치환
ㅋ,카나리아
ㅋ,카네이션
ㅋ,카누
ㅋ,카드
ㅋ,카드놀이
ㅋ,카드사
ㅋ,카디건
ㅋ,카레
ㅋ,카레라이스
ㅋ,카레이서
ㅋ,카리스마
ㅋ,카메라
ㅋ,카메라맨
ㅋ,카메룬
ㅋ,카멜레온
ㅋ,카바레
ㅋ,카세트
ㅋ,카세트테이프
ㅋ,카센터
ㅋ,카스텔라
ㅋ,카오스
ㅋ,카우보이
ㅋ,카운슬러
ㅋ,카운슬링
ㅋ,카운터
ㅋ,카자흐스탄
ㅋ,카지노
ㅋ,카키색
ㅋ,카타르
ㅋ,카타르시스
ㅋ,카탈로그
ㅋ,카테고리
ㅋ,카톨릭
ㅋ,카투사
ㅋ,카트
ㅋ,카페
ㅋ,카페라테
ㅋ,카페인
ㅋ,카페테리아
ㅋ,카펫
ㅋ,카폰
ㅋ,카푸치노
ㅋ,카풀
ㅋ,카피
ㅋ,카피라이터
ㅋ,캐나다
ㅋ,캐러멜
ㅋ,캐럴
ㅋ,캐릭터
ㅋ,캐미솔
ㅋ,캐비닛
ㅋ,캐스터
ㅋ,캐스터네츠
ㅋ,캐스팅
ㅋ,캐시백
ㅋ,커닝
ㅋ,커리큘럼
ㅋ,커뮤니케이션
ㅋ,커뮤니티
ㅋ,커미션
ㅋ,커버
ㅋ,커브
ㅋ,커서
ㅋ,커텐
ㅋ,커트
ㅋ,커트라인
ㅋ,커튼
ㅋ,커플
ㅋ,커피
ㅋ,커피숍
ㅋ,커피콩
ㅋ,커피포트
ㅋ,케냐
ㅋ,케이블
ㅋ,케이블카
ㅋ,케이스
ㅋ,케이에스
ㅋ,케이크
ㅋ,케이팝
ㅋ,케첩
ㅋ,코감기
ㅋ,코걸이
ㅋ,코끝
ㅋ,코끼리
ㅋ,코냑
ㅋ,코너
ㅋ,코드
ㅋ,코디
ㅋ,코디네이터
ㅋ,코딩
ㅋ,코딱지
ㅋ,코란
ㅋ,코러스
ㅋ,코르덴
ㅋ,코르크
ㅋ,코맹맹이
ㅋ,코메디
ㅋ,코멘트
ㅋ,코미디
ㅋ,코미디언
ㅋ,코밑
ㅋ,코바늘
ㅋ,코브라
ㅋ,코빼기
ㅋ,코뼈
ㅋ,코뿔소
ㅋ,코스
ㅋ,코스닥
ㅋ,코스모스
ㅋ,코스피
ㅋ,코알라
ㅋ,코앞
ㅋ,코웃음
ㅋ,코주부
ㅋ,코치
ㅋ,코카인
ㅋ,코코넛
ㅋ,코코아
ㅋ,코털
ㅋ,코트
ㅋ,코팅
ㅋ,코피
ㅋ,코허리
ㅋ,코흘리개
ㅋ,쾌감
ㅋ,쾌거
ㅋ,쾌락
ㅋ,쾌속
ㅋ,쾌속선
ㅋ,쾌속정
ㅋ,쾌유
ㅋ,쾌재
ㅋ,쾌조
ㅋ,쿠데타
ㅋ,쿠바
ㅋ,쿠션
ㅋ,쿠웨이트
ㅋ,쿠키
ㅋ,쿠폰
ㅋ,쿼터
ㅋ,퀴즈
ㅋ,큐레이터
ㅋ,큐피드
ㅋ,크기
ㅋ,크낙새
ㅋ,크래커
ㅋ,크레용
ㅋ,크레인
ㅋ,크레파스
ㅋ,크로아티아
ㅋ,크루즈
ㅋ,크리스마스
ㅋ,크리스마스이브
ㅋ,크리스마스트리
ㅋ,크리스천
ㅋ,크림
ㅋ,키다리
ㅋ,키보드
ㅋ,키스
ㅋ,키오스크
ㅋ,키워드
ㅋ,키위
ㅋ,키읔
ㅋ,키조개
ㅋ,키즈카페
ㅋ,키친타월
ㅋ,키트
ㅌ,타개
ㅌ,타개책
ㅌ,타격
ㅌ,타결
ㅌ,타계
ㅌ,타관
ㅌ,타교
ㅌ,타국
ㅌ,타당성
ㅌ,타도
ㅌ,타동사
ㅌ,타락
ㅌ,타래
ㅌ,타령
ㅌ,타령조
ㅌ,타민족
ㅌ,타박
ㅌ,타박상
ㅌ,타블로이드
ㅌ,타사
ㅌ,타산적
ㅌ,타산지석
ㅌ,타살
ㅌ,타석
ㅌ,타선
ㅌ,타성
ㅌ,타성적
ㅌ,타악기
ㅌ,타액
ㅌ,타워
ㅌ,타원
ㅌ,타원형
ㅌ,타월
ㅌ,타율
ㅌ,타율적
ㅌ,타의
ㅌ,타이
ㅌ,타이밍
ㅌ,타이어
ㅌ,타이완
ㅌ,타이츠
ㅌ,타이틀
ㅌ,타이틀곡
ㅌ,타이핑
ㅌ,타인
ㅌ,타일
ㅌ,타임
ㅌ,타임머신
ㅌ,타임아웃
ㅌ,타임캡슐
ㅌ,타입
ㅌ,타자
ㅌ,타자기
ㅌ,타작
ㅌ,타점
ㅌ,타조
ㅌ,타종
ㅌ,타지
ㅌ,타지방
ㅌ,타처
ㅌ,타코
ㅌ,타파
ㅌ,타향
ㅌ,타향살이
ㅌ,타협
ㅌ,타협안
ㅌ,타협점
ㅌ,태고
ㅌ,태곳적
ㅌ,태교
ㅌ,태국
ㅌ,태권도
ㅌ,태그
ㅌ,태극기
ㅌ,태극선
ㅌ,태기
ㅌ,태도
ㅌ,태동
ㅌ,태두
ㅌ,태만
ㅌ,태몽
ㅌ,태반
ㅌ,태백산
ㅌ,태백산맥
ㅌ,태부족
ㅌ,태산
ㅌ,태생
ㅌ,태세
ㅌ,태아
ㅌ,태양
ㅌ,태양계
ㅌ,태양광
ㅌ,태양력
ㅌ,태양열
ㅌ,태업
ㅌ,태연
ㅌ,태연자약
ㅌ,태엽
ㅌ,태음력
ㅌ,태자
ㅌ,태중
ㅌ,태초
ㅌ,태클
ㅌ,태평
ㅌ,태평성대
ㅌ,태평소
ㅌ,태평양
ㅌ,태풍
ㅌ,터널
ㅌ,터득
ㅌ,터럭
ㅌ,터무니
ㅌ,터미널
ㅌ,터부
ㅌ,터울
ㅌ,터전
ㅌ,터줏대감
ㅌ,터치
ㅌ,터치스크린
ㅌ,터치아웃
ㅌ,터키
ㅌ,테너
ㅌ,테니스
ㅌ,테니스장
ㅌ,테두리
ㅌ,테라스
ㅌ,테러
ㅌ,테러리스트
ㅌ,테러리즘
ㅌ,테마
ㅌ,테마파크
ㅌ,테스트
ㅌ,테이블
ㅌ,테이블스푼
ㅌ,테이프
ㅌ,테크닉
ㅌ,토건
ㅌ,토굴
ㅌ,토기
ㅌ,토끼
ㅌ,토끼띠
ㅌ,토끼풀
ㅌ,토너
ㅌ,토너먼트
ㅌ,토담
ㅌ,토대
ㅌ,토란
ㅌ,토로
ㅌ,토론
ㅌ,토론자
ㅌ,토론회
ㅌ,토마토
ㅌ,토마토케첩
ㅌ,토막
ㅌ,토막토막
ㅌ,토목
ㅌ,토박이
ㅌ,토박이말
ㅌ,토방
ㅌ,토벌
ㅌ,토사
ㅌ,토사곽란
ㅌ,토사구팽
ㅌ,토사물
ㅌ,토산물
ㅌ,토산품
ㅌ,토성
ㅌ,토속
ㅌ,토속적
ㅌ,토스
ㅌ,토스터
ㅌ,토스트
ㅌ,토시
ㅌ,토양
ㅌ,토요일
ㅌ,토의
ㅌ,토종
ㅌ,토종꿀
ㅌ,토종닭
ㅌ,토지
ㅌ,토질
ㅌ,토착
ㅌ,토착화
ㅌ,토큰
ㅌ,토테미즘
ㅌ,토템
ㅌ,토플
ㅌ,토픽
ㅌ,토핑
ㅌ,토호
ㅌ,퇴각
ㅌ,퇴거
ㅌ,퇴고
ㅌ,퇴근
ㅌ,퇴근길
ㅌ,퇴락
ㅌ,퇴로
ㅌ,퇴물
ㅌ,퇴보
ㅌ,퇴비
ㅌ,퇴사
ㅌ,퇴색
ㅌ,퇴실
ㅌ,퇴역
ㅌ,퇴원
ㅌ,퇴위
ㅌ,퇴임
ㅌ,퇴장
ㅌ,퇴적
ㅌ,퇴적물
ㅌ,퇴적암
ㅌ,퇴적층
ㅌ,퇴조
ㅌ,퇴직
ㅌ,퇴직금
ㅌ,퇴직자
ㅌ,퇴진
ㅌ,퇴짜
ㅌ,퇴출
ㅌ,퇴치
ㅌ,퇴폐
ㅌ,퇴폐적
ㅌ,퇴폐주의
ㅌ,퇴학
ㅌ,퇴행
ㅌ,퇴행성
ㅌ,퇴화
ㅌ,투계
ㅌ,투고
ㅌ,투고란
ㅌ,투과
ㅌ,투구
ㅌ,투기
ㅌ,투기꾼
ㅌ,투기성
ㅌ,투망
ㅌ,투매
ㅌ,투명
ㅌ,투명성
ㅌ,투병
ㅌ,투사
ㅌ,투사기
ㅌ,투서
ㅌ,투석
ㅌ,투수
ㅌ,투숙
ㅌ,투숙객
ㅌ,투시
ㅌ,투신
ㅌ,투약
ㅌ,투약구
ㅌ,투여
ㅌ,투영
ㅌ,투옥
ㅌ,투우
ㅌ,투우사
ㅌ,투입
ㅌ,투입구
ㅌ,투자
ㅌ,투자가
ㅌ,투자금
ㅌ,투자액
ㅌ,투자자
ㅌ,투쟁
ㅌ,투정
ㅌ,투지
ㅌ,투지력
ㅌ,투척
ㅌ,투표
ㅌ,투표권
ㅌ,투표소
ㅌ,투표용지
ㅌ,투표율
ㅌ,투표일
ㅌ,투표자
ㅌ,투표장
ㅌ,투표지
ㅌ,투표함
ㅌ,투피스
ㅌ,투하
ㅌ,투항
ㅌ,투혼
ㅌ,튀각
ㅌ,튀기
ㅌ,튀김
ㅌ,튀김옷
ㅌ,튀니지
ㅌ,튀르키예
ㅌ,튜바
ㅌ,튜브
ㅌ,트기
ㅌ,트라이앵글
ㅌ,트랙
ㅌ,트랜스
ㅌ,트랩
ㅌ,트럭
ㅌ,트럼펫
ㅌ,트럼프
ㅌ,트렁크
ㅌ,트레이너
ㅌ,트레이닝
ㅌ,트레이드
ㅌ,트레일러
ㅌ,트렌치코트
ㅌ,트로이카
ㅌ,트로트
ㅌ,트로피
ㅌ,트롬본
ㅌ,트리오
ㅌ,트림
ㅌ,트집
ㅌ,티끌
ㅌ,티눈
ㅌ,티베트
ㅌ,티브이
ㅌ,티셔츠
ㅌ,티슈
ㅌ,티스푼
ㅌ,티읕
ㅌ,티켓
ㅍ,파격
ㅍ,파격적
ㅍ,파견
ㅍ,파경
ㅍ,파계
ㅍ,파계승
ㅍ,파고
ㅍ,파괴
ㅍ,파괴력
ㅍ,파괴자
ㅍ,파괴적
ㅍ,파국
ㅍ,파국적
ㅍ,파급
ㅍ,파급력
ㅍ,파기
ㅍ,파김치
ㅍ,파노라마
ㅍ,파도
ㅍ,파도타기
ㅍ,파동
ㅍ,파라과이
ㅍ,파라다이스
ㅍ,파라솔
ㅍ,파란
ㅍ,파란만장
ㅍ,파란불
ㅍ,파란색
ㅍ,파랑
ㅍ,파랑새
ㅍ,파래
ㅍ,파렴치
ㅍ,파렴치범
ㅍ,파리
ㅍ,파리채
ㅍ,파마
ㅍ,파마머리
ㅍ,파면
ㅍ,파멸
ㅍ,파문
ㅍ,파벌
ㅍ,파병
ㅍ,파산
ㅍ,파산자
ㅍ,파상
ㅍ,파상적
ㅍ,파생
ㅍ,파생어
ㅍ,파선
ㅍ,파손
ㅍ,파송
ㅍ,파쇼
ㅍ,파수꾼
ㅍ,파스
ㅍ,파스타
ㅍ,파스텔
ㅍ,파슬리
ㅍ,파시스트
ㅍ,파시즘
ㅍ,파악
ㅍ,파안대소
ㅍ,파업
ㅍ,파열
ㅍ,파열음
ㅍ,파우더
ㅍ,파운데이션
ㅍ,파울
ㅍ,파워
ㅍ,파이
ㅍ,파이프
ㅍ,파인애플
ㅍ,파일
ㅍ,파일럿
ㅍ,파자마
ㅍ,파장
ㅍ,파전
ㅍ,파종
ㅍ,파죽지세
ㅍ,파지
ㅍ,파직
ㅍ,파초
ㅍ,파출부
ㅍ,파출소
ㅍ,파충류
ㅍ,파카
ㅍ,파키스탄
ㅍ,파킨슨병
ㅍ,파탄
ㅍ,파트
ㅍ,파트너
ㅍ,파트타임
ㅍ,파티
ㅍ,파티션
ㅍ,파편
ㅍ,파푸아뉴기니
ㅍ,패가망신
ㅍ,패거리
ㅍ,패권
ㅍ,패기
ㅍ,패널
ㅍ,패드
ㅍ,패딩
ㅍ,패러다임
ㅍ,패러독스
ㅍ,패러디
ㅍ,패륜
ㅍ,패륜아
ㅍ,패망
ㅍ,패물
ㅍ,패배
ㅍ,패배감
ㅍ,패배자
ㅍ,패배주의
ㅍ,패션
ㅍ,패션계
ㅍ,패션쇼
ㅍ,패소
ㅍ,패스
ㅍ,패스트푸드
ㅍ,패스포트
ㅍ,패싸움
ㅍ,패악
ㅍ,패인
ㅍ,패자
ㅍ,패자전
ㅍ,패잔병
ㅍ,패전
ㅍ,패전국
ㅍ,패치
ㅍ,패키지
ㅍ,패키지여행
ㅍ,패킹
ㅍ,패턴
ㅍ,패혈증
ㅍ,퍼레이드
ㅍ,퍼즐
ㅍ,퍼포먼스
ㅍ,페널티
ㅍ,페달
ㅍ,페루
ㅍ,페미니스트
ㅍ,페미니즘
ㅍ,페스트
ㅍ,페스티벌
ㅍ,페이스
ㅍ,페이지
ㅍ,페인트
ㅍ,페인트칠
ㅍ,페트병
ㅍ,페티코트
ㅍ,펴낸이
ㅍ,폐가
ㅍ,폐간
ㅍ,폐건전지
ㅍ,폐결핵
ㅍ,폐경
ㅍ,폐광
ㅍ,폐교
ㅍ,폐기
ㅍ,폐기물
ㅍ,폐단
ㅍ,폐렴
ㅍ,폐막
ㅍ,폐막식
ㅍ,폐물
ㅍ,폐백
ㅍ,폐병
ㅍ,폐쇄
ㅍ,폐쇄성
ㅍ,폐쇄적
ㅍ,폐수
ㅍ,폐습
ㅍ,폐암
ㅍ,폐업
ㅍ,폐염
ㅍ,폐인
ㅍ,폐장
ㅍ,폐점
ㅍ,폐지
ㅍ,폐차
ㅍ,폐차장
ㅍ,폐품
ㅍ,폐하
ㅍ,폐해
ㅍ,폐허
ㅍ,폐활량
ㅍ,폐회
ㅍ,폐회식
ㅍ,폐휴지
ㅍ,포격
ㅍ,포경
ㅍ,포고
ㅍ,포괄적
ㅍ,포교
ㅍ,포구
ㅍ,포기
ㅍ,포대
ㅍ,포대기
ㅍ,포도
ㅍ,포도당
ㅍ,포도밭
ㅍ,포도주
ㅍ,포럼
ㅍ,포로
ㅍ,포르노
ㅍ,포르투갈
ㅍ,포르투갈어
ㅍ,포만감
ㅍ,포맷
ㅍ,포목
ㅍ,포목상
ㅍ,포문
ㅍ,포물선
ㅍ,포병
ㅍ,포복
ㅍ,포볼
ㅍ,포부
ㅍ,포상
ㅍ,포상금
ㅍ,포석
ㅍ,포석정
ㅍ,포섭
ㅍ,포성
ㅍ,포수
ㅍ,포스터
ㅍ,포승
ㅍ,포승줄
ㅍ,포식
ㅍ,포악
ㅍ,포옹
ㅍ,포용
ㅍ,포용력
ㅍ,포용성
ㅍ,포위
ㅍ,포위망
ㅍ,포유류
ㅍ,포인트
ㅍ,포장
ㅍ,포장도로
ㅍ,포장마차
ㅍ,포장재
ㅍ,포장지
ㅍ,포주
ㅍ,포즈
ㅍ,포지션
ㅍ,포진
ㅍ,포착
ㅍ,포크
ㅍ,포크커틀릿
ㅍ,포클레인
ㅍ,포탄
ㅍ,포탈
ㅍ,포털
ㅍ,포트폴리오
ㅍ,포학
ㅍ,포함
ㅍ,포화
ㅍ,포환
ㅍ,포환던지기
ㅍ,포획
ㅍ,포효
ㅍ,표결
ㅍ,표구
ㅍ,표기
ㅍ,표기법
ㅍ,표독
ㅍ,표류
ㅍ,표리
ㅍ,표면
ㅍ,표면적
ㅍ,표면화
ㅍ,표명
ㅍ,표방
ㅍ,표밭
ㅍ,표백
ㅍ,표백제
ㅍ,표범
ㅍ,표본
ㅍ,표상
ㅍ,표시
ㅍ,표식
ㅍ,표어
ㅍ,표적
ㅍ,표적물
ㅍ,표절
ㅍ,표정
ㅍ,표제어
ㅍ,표주박
ㅍ,표준
ㅍ,표준말
ㅍ,표준시
ㅍ,표준어
ㅍ,표준형
ㅍ,표준화
ㅍ,표지
ㅍ,표지판
ㅍ,표징
ㅍ,표찰
ㅍ,표창
ㅍ,표창장
ㅍ,표출
ㅍ,표피
ㅍ,표현
ㅍ,표현력
ㅍ,표현법
ㅍ,푸념
ㅍ,푸닥거리
ㅍ,푸대접
ㅍ,푸딩
ㅍ,푸른곰팡이
ㅍ,푸른빛
ㅍ,푸른색
ㅍ,푸성귀
ㅍ,푸에르토리코
ㅍ,푸줏간
ㅍ,퓨전
ㅍ,퓨즈
ㅍ,프라이
ㅍ,프라이드
ㅍ,프라이드치킨
ㅍ,프라이버시
ㅍ,프라이팬
ㅍ,프락치
ㅍ,프랑스
ㅍ,프랑스어
ㅍ,프랜차이즈
ㅍ,프런트
ㅍ,프레젠테이션
ㅍ,프렌치토스트
ㅍ,프렌치프라이
ㅍ,프로
ㅍ,프로그래머
ㅍ,프로그래밍
ㅍ,프로그램
ㅍ,프로덕션
ㅍ,프로듀서
ㅍ,프로세서
ㅍ,프로젝터
ㅍ,프로젝트
ㅍ,프로판
ㅍ,프로펠러
ㅍ,프로필
ㅍ,프롤레타리아
ㅍ,프리랜서
ㅍ,프리미엄
ㅍ,프리즘
ㅍ,프린터
ㅍ,프린트
ㅍ,피격
ㅍ,피고
ㅍ,피고름
ㅍ,피고인
ㅍ,피곤
ㅍ,피골
ㅍ,피구
ㅍ,피난
ㅍ,피난길
ㅍ,피난민
ㅍ,피난살이
ㅍ,피난지
ㅍ,피난처
ㅍ,피날레
ㅍ,피눈물
ㅍ,피동
ㅍ,피동문
ㅍ,피동사
ㅍ,피동적
ㅍ,피드백
ㅍ,피디
ㅍ,피땀
ㅍ,피라미
ㅍ,피라미드
ㅍ,피란
ㅍ,피랍
ㅍ,피력
ㅍ,피로
ㅍ,피로감
ㅍ,피로연
ㅍ,피뢰침
ㅍ,피륙
ㅍ,피리
ㅍ,피망
ㅍ,피멍
ㅍ,피바다
ㅍ,피보험자
ㅍ,피복
ㅍ,피부
ㅍ,피부과
ㅍ,피부병
ㅍ,피부색
ㅍ,피부암
ㅍ,피붙이
ㅍ,피비린내
ㅍ,피사체
ㅍ,피살
ㅍ,피살자
ㅍ,피상적
ㅍ,피서
ㅍ,피서객
ㅍ,피서지
ㅍ,피선거권
ㅍ,피스톤
ㅍ,피습
ㅍ,피시
ㅍ,피시방
ㅍ,피신
ㅍ,피신처
ㅍ,피싱
ㅍ,피아노
ㅍ,피아니스트
ㅍ,피엑스
ㅍ,피읖
ㅍ,피의
ㅍ,피의자
ㅍ,피임
ㅍ,피임약
ㅍ,피자
ㅍ,피장파장
ㅍ,피조물
ㅍ,피지
ㅍ,피지배
ㅍ,피지배층
ㅍ,피차
ㅍ,피칭
ㅍ,피켓
ㅍ,피크
ㅍ,피클
ㅍ,피투성이
ㅍ,피폐
ㅍ,피폭
ㅍ,피해
ㅍ,피해액
ㅍ,피해자
ㅍ,피험자
ㅍ,피혁
ㅎ,하강
ㅎ,하객
ㅎ,하게체
ㅎ,하계
ㅎ,하관
ㅎ,하교
ㅎ,하굣길
ㅎ,하구
ㅎ,하권
ㅎ,하극상
ㅎ,하급
ㅎ,하급생
ㅎ,하나
ㅎ,하나님
ㅎ,하나하나
ㅎ,하녀
ㅎ,하느님
ㅎ,하늘
ㅎ,하늘가
ㅎ,하늘나라
ㅎ,하늘빛
ㅎ,하늘색
ㅎ,하늘소
ㅎ,하늬바람
ㅎ,하단
ㅎ,하달
ㅎ,하대
ㅎ,하도급
ㅎ,하드웨어
ㅎ,하등
ㅎ,하락
ㅎ,하락세
ㅎ,하례
ㅎ,하루
ㅎ,하루살이
ㅎ,하루아침
ㅎ,하루치
ㅎ,하루하루
ㅎ,하루해
ㅎ,하룻강아지
ㅎ,하룻밤
ㅎ,하류
ㅎ,하류층
ㅎ,하마
ㅎ,하명
ㅎ,하모니
ㅎ,하모니카
ㅎ,하문
ㅎ,하반기
ㅎ,하반부
ㅎ,하반신
ㅎ,하복
ㅎ,하복부
ㅎ,하부
ㅎ,하사
ㅎ,하사관
ㅎ,하사품
ㅎ,하산
ㅎ,하선
ㅎ,하소연
ㅎ,하수
ㅎ,하수관
ㅎ,하수구
ㅎ,하수도
ㅎ,하수인
ㅎ,하숙
ㅎ,하숙방
ㅎ,하숙비
ㅎ,하숙생
ㅎ,하숙집
ㅎ,하순
ㅎ,하야
ㅎ,하얀색
ㅎ,하양
ㅎ,하역
ㅎ,하오
ㅎ,하오체
ㅎ,하원
ㅎ,하위
ㅎ,하위권
ㅎ,하의
ㅎ,하이라이트
ㅎ,하이에나
ㅎ,하이킹
ㅎ,하이테크
ㅎ,하이픈
ㅎ,하이힐
ㅎ,하인
ㅎ,하자
ㅎ,하절기
ㅎ,하중
ㅎ,하지
ㅎ,하직
ㅎ,하차
ㅎ,하천
ㅎ,해갈
ㅎ,해감
ㅎ,해거름
ㅎ,해거리
ㅎ,해결
ㅎ,해결사
ㅎ,해결책
ㅎ,해경
ㅎ,해고
ㅎ,해골
ㅎ,해군
ㅎ,해금
ㅎ,해꼬지
ㅎ,해넘이
ㅎ,해녀
ㅎ,해님
ㅎ,해답
ㅎ,해당
ㅎ,해당란
ㅎ,해당자
ㅎ,해당화
ㅎ,해독
ㅎ,해독제
ㅎ,해돋이
ㅎ,해동
ㅎ,해라체
ㅎ,해로
ㅎ,해류
ㅎ,해마
ㅎ,해맞이
ㅎ,해머
ㅎ,해명
ㅎ,해몽
ㅎ,해물
ㅎ,해물탕
ㅎ,해바라기
ㅎ,해발
ㅎ,해방
ㅎ,해방감
ㅎ,해방둥이
ㅎ,해법
ㅎ,해변
ㅎ,해변가
ㅎ,해병
ㅎ,해병대
ㅎ,해부
ㅎ,해부도
ㅎ,해부학
ㅎ,해빙
ㅎ,해빙기
ㅎ,해산
ㅎ,해산물
ㅎ,해삼
ㅎ,해상
ㅎ,해상도
ㅎ,해석
ㅎ,해설
ㅎ,해설자
ㅎ,해소
ㅎ,해수
ㅎ,해수면
ㅎ,해수욕
ㅎ,해수욕장
ㅎ,해시계
ㅎ,해악
ㅎ,해안
ㅎ,해안가
ㅎ,해안선
ㅎ,해약
ㅎ,해양
ㅎ,해양성
ㅎ,해역
ㅎ,해열
ㅎ,해열제
ㅎ,해왕성
ㅎ,해외
ㅎ,해외여행
ㅎ,해요체
ㅎ,해운
ㅎ,해운대
ㅎ,해이
ㅎ,해인사
ㅎ,해일
ㅎ,해임
ㅎ,해장
ㅎ,해장국
ㅎ,해장술
ㅎ,해저
ㅎ,해적
ㅎ,해적선
ㅎ,해전
ㅎ,해제
ㅎ,해조
ㅎ,해조류
ㅎ,허가
ㅎ,허가제
ㅎ,허가증
ㅎ,허공
ㅎ,허구
ㅎ,허구성
ㅎ,허구적
ㅎ,허기
ㅎ,허깨비
ㅎ,허드레
ㅎ,허드렛일
ㅎ,허들
ㅎ,허락
ㅎ,허례
ㅎ,허례허식
ㅎ,허리
ㅎ,허리끈
ㅎ,허리둘레
ㅎ,허리띠
ㅎ,허리뼈
ㅎ,허리춤
ㅎ,허망
ㅎ,허무
ㅎ,허무감
ㅎ,허무적
ㅎ,허물
ㅎ,허방
ㅎ,허벅다리
ㅎ,허벅지
ㅎ,허브
ㅎ,허브티
ㅎ,허비
ㅎ,허사
ㅎ,허상
ㅎ,허세
ㅎ,허송세월
ㅎ,허수아비
ㅎ,허식
ㅎ,허실
ㅎ,허심탄회
ㅎ,허약
ㅎ,허영
ㅎ,허영심
ㅎ,허욕
ㅎ,허용
ㅎ,허우대
ㅎ,허울
ㅎ,허위
ㅎ,허위대
ㅎ,허점
ㅎ,허탈
ㅎ,허탈감
ㅎ,허탕
ㅎ,허튼소리
ㅎ,허튼수작
ㅎ,허파
ㅎ,허풍
ㅎ,허풍선이
ㅎ,허풍쟁이
ㅎ,허허벌판
ㅎ,헤게모니
ㅎ,헤드라이트
ㅎ,헤드라인
ㅎ,헤드폰
ㅎ,헤딩
ㅎ,헤르츠
ㅎ,헤비급
ㅎ,헤어드라이어
ㅎ,헤어스타일
ㅎ,헤엄
ㅎ,혀끝
ㅎ,혀끝소리
ㅎ,혀뿌리
ㅎ,혜성
ㅎ,혜안
ㅎ,혜택
ㅎ,호가
ㅎ,호각
ㅎ,호감
ㅎ,호강
ㅎ,호객
ㅎ,호걸
ㅎ,호격
ㅎ,호경기
ㅎ,호구
ㅎ,호구지책
ㅎ,호국
ㅎ,호기
ㅎ,호기심
ㅎ,호남
ㅎ,호남아
ㅎ,호도
ㅎ,호두
ㅎ,호두과자
ㅎ,호들갑
ㅎ,호떡
ㅎ,호랑나비
ㅎ,호랑이
ㅎ,호랑이띠
ㅎ,호령
ㅎ,호롱불
ㅎ,호루라기
ㅎ,호루루기
ㅎ,호르몬
ㅎ,호른
ㅎ,호리병
ㅎ,호명
ㅎ,호모
ㅎ,호미
ㅎ,호밀
ㅎ,호박
ㅎ,호박꽃
ㅎ,호박씨
ㅎ,호박엿
ㅎ,호박전
ㅎ,호박죽
ㅎ,호반
ㅎ,호봉
ㅎ,호빵
ㅎ,호사
ㅎ,호사가
ㅎ,호사다마
ㅎ,호상
ㅎ,호색
ㅎ,호서
ㅎ,호소
ㅎ,호소력
ㅎ,호소문
ㅎ,호송
ㅎ,호수
ㅎ,호숫가
ㅎ,호스
ㅎ,호스티스
ㅎ,호스피스
ㅎ,호시절
ㅎ,호시탐탐
ㅎ,호신술
ㅎ,호신용
ㅎ,호실
ㅎ,호언
ㅎ,호언장담
ㅎ,호연지기
ㅎ,호외
ㅎ,호우
ㅎ,호위
ㅎ,호응
ㅎ,호의
ㅎ,호의적
ㅎ,호의호식
ㅎ,호인
ㅎ,호재
ㅎ,호적
ㅎ,호전
ㅎ,호전적
ㅎ,호조
ㅎ,호조건
ㅎ,호주
ㅎ,호주머니
ㅎ,호청
ㅎ,호출
ㅎ,호칭
ㅎ,호칭어
ㅎ,호텔
ㅎ,호통
ㅎ,호투
ㅎ,호평
ㅎ,호프
ㅎ,화가
ㅎ,화강암
ㅎ,화공
ㅎ,화관
ㅎ,화교
ㅎ,화근
ㅎ,화급
ㅎ,화기
ㅎ,화농
ㅎ,화단
ㅎ,화답
ㅎ,화대
ㅎ,화두
ㅎ,화딱지
ㅎ,화랑
ㅎ,화력
ㅎ,화로
ㅎ,화롯가
ㅎ,화롯불
ㅎ,화류계
ㅎ,화면
ㅎ,화목
ㅎ,화문석
ㅎ,화물
ㅎ,화물선
ㅎ,화물차
ㅎ,화물칸
ㅎ,화방
ㅎ,화백
ㅎ,화법
ㅎ,화병
ㅎ,화보
ㅎ,화분
ㅎ,화산
ㅎ,화산재
ㅎ,화살
ㅎ,화살표
ㅎ,화상
ㅎ,화색
ㅎ,화석
ㅎ,화석화
ㅎ,화선지
ㅎ,화성
ㅎ,화소
ㅎ,화수분
ㅎ,화술
ㅎ,화신
ㅎ,화실
ㅎ,화씨
ㅎ,화약
ㅎ,화약고
ㅎ,화염
ㅎ,화염병
ㅎ,화요일
ㅎ,화원
ㅎ,화음
ㅎ,화이트보드
ㅎ,화이트칼라
ㅎ,화자
ㅎ,화장
ㅎ,화장기
ㅎ,화장대
ㅎ,화장발
ㅎ,화장실
ㅎ,화장장
ㅎ,화장지
ㅎ,화장터
ㅎ,화장품
ㅎ,화재
ㅎ,화재경보기
ㅎ,화제
ㅎ,화제작
ㅎ,화젯거리
ㅎ,화집
ㅎ,화채
ㅎ,화초
ㅎ,화촉
ㅎ,화친
ㅎ,화톳불
ㅎ,화투
ㅎ,화투짝
ㅎ,화평
ㅎ,화폐
ㅎ,화포
ㅎ,화폭
ㅎ,화풀이
ㅎ,화풍
ㅎ,화필
ㅎ,화학
ㅎ,화학적
ㅎ,회갑
ㅎ,회갑연
ㅎ,회개
ㅎ,회견
ㅎ,회계
ㅎ,회계사
ㅎ,회고
ㅎ,회고담
ㅎ,회고록
ㅎ,회관
ㅎ,회교
ㅎ,회군
ㅎ,회귀
ㅎ,회기
ㅎ,회담
ㅎ,회답
ㅎ,회동
ㅎ,회로
ㅎ,회보
ㅎ,회복
ㅎ,회복기
ㅎ,회복세
ㅎ,회복실
ㅎ,회부
ㅎ,회비
ㅎ,회사
ㅎ,회사원
ㅎ,회상
ㅎ,회색
ㅎ,회색빛
ㅎ,회생
ㅎ,회선
ㅎ,회수
ㅎ,회수권
ㅎ,회식
ㅎ,회신
ㅎ,회심
ㅎ,회오리
ㅎ,회오리바람
ㅎ,회원
ㅎ,회원국
ㅎ,회원권
ㅎ,회원제
ㅎ,회유
ㅎ,회유책
ㅎ,회의
ㅎ,회의감
ㅎ,회의록
ㅎ,회의실
ㅎ,회의장
ㅎ,회의적
ㅎ,회의주의
ㅎ,회자
ㅎ,회자정리
ㅎ,회장
ㅎ,회장단
ㅎ,회전
ㅎ,회전목마
ㅎ,회전문
ㅎ,회전의자
ㅎ,회중
ㅎ,회중시계
ㅎ,회중전등
ㅎ,회진
ㅎ,회초리
ㅎ,회충
ㅎ,회칙
ㅎ,회칠
ㅎ,회포
ㅎ,회피
ㅎ,회한
ㅎ,회합
ㅎ,회항
ㅎ,회화
ㅎ,효과
ㅎ,효과음
ㅎ,효과적
ㅎ,효녀
ㅎ,효능
ㅎ,효도
ㅎ,효력
ㅎ,효모
ㅎ,효부
ㅎ,효성
ㅎ,효소
ㅎ,효시
ㅎ,효심
ㅎ,효용
ㅎ,효용성
ㅎ,효율
ㅎ,효율성
ㅎ,효율적
ㅎ,효율화
ㅎ,효자
ㅎ,효행
ㅎ,효험
ㅎ,후각
ㅎ,후견인
ㅎ,후계
ㅎ,후계자
ㅎ,후고구려
ㅎ,후광
ㅎ,후궁
ㅎ,후기
ㅎ,후년
ㅎ,후대
ㅎ,후덕
ㅎ,후두
ㅎ,후두부
ㅎ,후두염
ㅎ,후라이판
ㅎ,후렴
ㅎ,후면
ㅎ,후문
ㅎ,후미
ㅎ,후반
ㅎ,후반기
ㅎ,후반부
ㅎ,후반전
ㅎ,후발
ㅎ,후발대
ㅎ,후방
ㅎ,후배
ㅎ,후백제
ㅎ,후보
ㅎ,후보자
ㅎ,후보지
ㅎ,후불
ㅎ,후사
ㅎ,후생
ㅎ,후세
ㅎ,후세대
ㅎ,후속
ㅎ,후손
ㅎ,후송
ㅎ,후순위
ㅎ,후식
ㅎ,후실
ㅎ,후안무치
ㅎ,후예
ㅎ,후원
ㅎ,후원금
ㅎ,후원자
ㅎ,후원회
ㅎ,후위
ㅎ,후유증
ㅎ,후일
ㅎ,후일담
ㅎ,후임
ㅎ,후임자
ㅎ,후자
ㅎ,후진
ㅎ,후진국
ㅎ,후진성
ㅎ,후처
ㅎ,후천성
ㅎ,후천적
ㅎ,후추
ㅎ,후춧가루
ㅎ,후퇴
ㅎ,후편
ㅎ,후학
ㅎ,후환
ㅎ,후회
ㅎ,후회막급
ㅎ,훼방
ㅎ,훼손
ㅎ,휘발성
ㅎ,휘발유
ㅎ,휘장
ㅎ,휘파람
ㅎ,휘하
ㅎ,휴가
ㅎ,휴가비
ㅎ,휴가철
ㅎ,휴강
ㅎ,휴게
ㅎ,휴게소
ㅎ,휴게실
ㅎ,휴경지
ㅎ,휴관
ㅎ,휴교
ㅎ,휴대
ㅎ,휴대성
ㅎ,휴대용
ㅎ,휴대폰
ㅎ,휴대품
ㅎ,휴머니스트
ㅎ,휴머니즘
ㅎ,휴면
ㅎ,휴무
ㅎ,휴무일
ㅎ,휴식
ㅎ,휴식처
ㅎ,휴양
ㅎ,휴양림
ㅎ,휴양소
ㅎ,휴양지
ㅎ,휴업
ㅎ,휴일
ㅎ,휴전
ㅎ,휴전선
ㅎ,휴정
ㅎ,휴지
ㅎ,휴지통
ㅎ,휴직
ㅎ,휴진
ㅎ,휴학
ㅎ,휴학생
ㅎ,휴화산
ㅎ,흐느낌
ㅎ,흐름
ㅎ,희곡
ㅎ,희구
ㅎ,희귀
ㅎ,희귀종
ㅎ,희극
ㅎ,희극적
ㅎ,희대
ㅎ,희로애락
ㅎ,희롱
ㅎ,희망
ㅎ,희망자
ㅎ,희망적
ㅎ,희망퇴직
ㅎ,희비
ㅎ,희비극
ㅎ,희색
ㅎ,희생
ㅎ,희생물
ㅎ,희생양
ㅎ,희생자
ㅎ,희생적
ㅎ,희생정신
ㅎ,희석
ㅎ,희소
ㅎ,희소성
ㅎ,희소식
ㅎ,희수
ㅎ,희열
ㅎ,희화적
ㅎ,희희낙락
ㅎ,히로뽕
ㅎ,히스테리
ㅎ,히읗
ㅎ,히터
ㅎ,히트
ㅎ,히트곡
ㅎ,히프
